day,total_sales,average_order_value,orders
2019-12-02,395.4,67.428,5
2019-12-03,600.86,61.632,9
2019-12-04,616.33,110.148,5
2019-12-05,548.57,103.226,5
2019-12-06,1043.61,85.277,11
2019-12-07,178.86,71.365,2
2019-12-08,184.21,76.45,2
2019-12-09,426.45,61.073,6
2019-12-10,350.22,37.767,7
2019-12-11,141.17,43.97,3
2019-12-12,650.13,58.873,10
2019-12-13,846.13,162.642,5
2019-12-14,214.09,57.466,3
2019-12-15,276.67,126.835,2
2019-12-16,883.96,138.626,6
2019-12-17,577.24,43.761,12
2019-12-18,696.85,85.13,7
2019-12-19,571.82,90.651,6
2019-12-20,336.25,66.95,4
2019-12-21,454.64,145.163,3
2019-12-22,333.82,50.494,5
2019-12-23,559.87,135.242,4
2019-12-24,290.9,86.633,3
2019-12-25,0.0,0.0,0
2019-12-26,68.05,28.475,2
2019-12-27,583.86,143.302,4
2019-12-28,273.16,53.167,4
2019-12-29,427.33,69.126,5
2019-12-30,143.11,39.653,3
2019-12-31,472.38,83.382,5
2020-01-01,467.1,137.52,3
2020-01-02,402.93,43.591,8
2020-01-03,344.14,39.085,7
2020-01-04,335.1,41.936,6
2020-01-05,263.76,76.186,3
2020-01-06,468.41,84.24,5
2020-01-07,781.85,70.141,10
2020-01-08,1136.36,68.191,15
2020-01-09,277.69,52.016,5
2020-01-10,380.84,33.049,10
2020-01-11,773.65,87.853,8
2020-01-12,887.91,81.684,9
2020-01-13,545.39,68.16,7
2020-01-14,459.96,48.737,8
2020-01-15,1138.51,46.072,22
2020-01-16,1654.55,48.54,29
2020-01-17,859.39,98.746,8
2020-01-18,1014.8,113.842,8
2020-01-19,774.6,73.31,9
2020-01-20,1767.53,134.05,12
2020-01-21,734.85,47.012,14
2020-01-22,1091.29,67.397,14
2020-01-23,419.68,35.09,10
2020-01-24,1009.18,87.323,11
2020-01-25,671.32,69.915,8
2020-01-26,1014.4,115.666,8
2020-01-27,865.57,137.25,6
2020-01-28,359.41,46.901,6
2020-01-29,461.68,98.05,4
2020-01-30,843.1,73.713,10
2020-01-31,1005.14,93.942,10
2020-02-01,235.44,44.012,4
2020-02-02,1250.12,85.265,12
2020-02-03,322.55,52.58,5
2020-02-04,1276.51,92.389,12
2020-02-05,667.95,59.175,9
2020-02-06,1113.01,82.887,12
2020-02-07,689.44,49.46,12
2020-02-08,482.79,86.166,5
2020-02-09,1012.71,88.15,10
2020-02-10,1211.29,99.529,11
2020-02-11,399.77,35.473,10
2020-02-12,624.38,80.515,7
2020-02-13,563.06,53.192,9
2020-02-14,794.03,95.338,7
2020-02-15,1247.79,102.369,10
2020-02-16,242.02,37.642,5
2020-02-17,1316.88,108.749,11
2020-02-18,739.0,71.94,9
2020-02-19,466.63,84.354,5
2020-02-20,1390.06,64.801,19
2020-02-21,488.55,45.218,9
2020-02-22,888.61,88.332,9
2020-02-23,1392.17,224.451,6
2020-02-24,750.08,113.216,6
2020-02-25,882.09,74.382,10
2020-02-26,1186.89,71.548,15
2020-02-27,1342.31,140.448,9
2020-02-28,720.02,62.973,10
2020-02-29,1437.62,171.961,8
2020-03-01,278.04,133.255,2
2020-03-02,1031.84,95.463,9
2020-03-03,832.13,78.475,9
2020-03-04,1614.59,137.403,11
2020-03-05,404.4,51.045,6
2020-03-06,1517.13,89.375,15
2020-03-07,1132.65,178.183,6
2020-03-08,398.09,87.302,4
2020-03-09,1443.05,117.67,11
2020-03-10,1772.93,104.031,16
2020-03-11,1359.89,111.726,11
2020-03-12,1243.78,98.451,12
2020-03-13,1860.25,101.518,17
2020-03-14,2138.5,131.772,15
2020-03-15,1688.81,94.641,16
2020-03-16,2187.19,115.647,17
2020-03-17,2189.77,130.477,15
2020-03-18,1187.87,77.62,13
2020-03-19,992.23,72.966,12
2020-03-20,2612.0,111.033,22
2020-03-21,1439.73,93.909,13
2020-03-22,1070.43,119.45,8
2020-03-23,1624.5,85.286,16
2020-03-24,1152.16,73.462,14
2020-03-25,936.37,72.145,11
2020-03-26,369.54,41.948,7
2020-03-27,491.41,58.11,7
2020-03-28,1173.34,108.344,10
2020-03-29,1465.54,95.364,13
2020-03-30,1035.97,65.277,12
2020-03-31,1224.89,81.214,13
2020-04-01,1795.03,90.777,18
2020-04-02,1024.08,102.373,9
2020-04-03,1572.68,98.423,14
2020-04-04,977.24,72.7,11
2020-04-05,1106.7,128.323,8
2020-04-06,1417.91,112.923,11
2020-04-07,1803.54,132.199,12
2020-04-08,886.47,51.124,14
2020-04-09,817.81,90.621,8
2020-04-10,907.1,82.586,10
2020-04-11,819.08,81.33,9
2020-04-12,363.05,111.683,3
2020-04-13,1471.91,78.797,16
2020-04-14,2040.27,119.081,16
2020-04-15,986.9,88.237,10
2020-04-16,1653.32,83.06,17
2020-04-17,765.4,92.687,7
2020-04-18,955.39,57.185,14
2020-04-19,2397.53,133.034,17
2020-04-20,1211.79,56.07,18
2020-04-21,1015.69,84.489,10
2020-04-22,1124.71,90.431,11
2020-04-23,1287.07,108.798,11
2020-04-24,709.95,89.25,7
2020-04-25,1288.03,74.676,15
2020-04-26,616.01,71.678,7
2020-04-27,699.14,53.765,10
2020-04-28,550.91,67.221,7
2020-04-29,1222.67,76.252,15
2020-04-30,1628.91,65.633,20
2020-05-01,1009.74,112.561,8
2020-05-02,906.06,99.63,8
2020-05-03,1435.52,108.975,12
2020-05-04,1404.13,87.821,15
2020-05-05,1637.75,95.917,15
2020-05-06,1141.17,79.838,12
2020-05-07,1457.58,83.844,15
2020-05-08,508.18,61.672,7
2020-05-09,1767.79,105.81,15
2020-05-10,706.74,93.463,6
2020-05-11,1392.86,90.665,13
2020-05-12,1257.17,84.57,13
2020-05-13,1381.71,82.209,15
2020-05-14,784.64,150.852,5
2020-05-15,1408.86,119.003,11
2020-05-16,1251.26,78.286,14
2020-05-17,814.16,76.092,9
2020-05-18,1481.52,86.711,15
2020-05-19,1505.2,105.786,13
2020-05-20,1782.76,84.193,19
2020-05-21,1201.83,95.342,11
2020-05-22,988.4,95.285,9
2020-05-23,785.47,111.675,6
2020-05-24,1069.36,106.256,9
2020-05-25,614.08,95.113,6
2020-05-26,1228.89,80.322,13
2020-05-27,1456.28,103.295,13
2020-05-28,1517.66,110.319,12
2020-05-29,867.1,98.26,8
2020-05-30,1194.09,115.976,9
2020-05-31,1165.22,107.27,10
2020-06-01,1126.77,83.393,11
2020-06-02,1254.99,98.02,11
2020-06-03,1200.87,80.348,12
2020-06-04,950.18,74.0,11
2020-06-05,1171.63,103.792,10
2020-06-06,688.92,77.528,8
2020-06-07,309.02,42.77,6
2020-06-08,1573.26,120.94,12
2020-06-09,735.89,76.287,9
2020-06-10,1294.26,90.336,13
2020-06-11,1827.49,89.74,18
2020-06-12,1535.45,95.426,14
2020-06-13,656.43,92.768,6
2020-06-14,365.1,48.016,6
2020-06-15,1560.95,145.004,10
2020-06-16,892.75,75.57,10
2020-06-17,463.17,49.131,8
2020-06-18,1030.58,141.981,7
2020-06-19,728.45,98.505,7
2020-06-20,934.01,64.37,12
2020-06-21,862.82,79.47,9
2020-06-22,1262.51,88.893,13
2020-06-23,1027.15,76.948,12
2020-06-24,975.63,150.898,6
2020-06-25,1003.6,81.511,11
2020-06-26,1962.87,140.753,13
2020-06-27,1104.89,149.695,7
2020-06-28,950.89,116.652,7
2020-06-29,1674.47,71.297,20
2020-06-30,681.11,73.801,8
2020-07-01,2052.28,113.839,17
2020-07-02,1426.35,90.847,14
2020-07-03,1403.55,123.391,10
2020-07-04,501.73,81.202,5
2020-07-05,2176.29,101.701,18
2020-07-06,1242.89,90.358,12
2020-07-07,667.01,51.401,11
2020-07-08,1449.49,100.514,13
2020-07-09,1116.12,72.496,13
2020-07-10,844.08,88.432,10
2020-07-11,1341.99,158.407,8
2020-07-12,845.28,85.583,9
2020-07-13,1140.17,190.028,6
2020-07-14,1248.25,68.214,15
2020-07-15,741.69,82.822,8
2020-07-16,796.09,54.441,12
2020-07-17,2028.48,94.864,19
2020-07-18,536.86,69.068,7
2020-07-19,401.11,53.881,6
2020-07-20,1436.51,90.44,14
2020-07-21,463.19,73.66,6
2020-07-22,884.63,139.726,6
2020-07-23,1280.26,69.15,16
2020-07-24,1853.89,105.173,16
2020-07-25,749.65,65.405,9
2020-07-26,1370.06,105.005,12
2020-07-27,1806.19,109.8,15
2020-07-28,1316.07,80.63,14
2020-07-29,695.51,81.96,8
2020-07-30,608.99,94.408,6
2020-07-31,1052.64,76.021,12
2020-08-01,712.2,88.782,7
2020-08-02,540.5,66.688,7
2020-08-03,1211.21,111.698,10
2020-08-04,1233.19,127.336,9
2020-08-05,1270.53,98.804,12
2020-08-06,600.88,80.242,7
2020-08-07,828.59,87.157,8
2020-08-08,1263.54,113.409,10
2020-08-09,1667.05,142.35,11
2020-08-10,1179.27,96.36,11
2020-08-11,850.49,79.956,9
2020-08-12,1150.24,120.097,9
2020-08-13,860.75,208.992,4
2020-08-14,970.78,189.2,5
2020-08-15,959.46,188.92,5
2020-08-16,720.51,135.178,5
2020-08-17,1144.2,144.23,7
2020-08-18,1322.24,216.243,6
2020-08-19,901.69,76.958,10
2020-08-20,1549.71,114.013,12
2020-08-21,1892.26,123.224,14
2020-08-22,652.56,95.861,6
2020-08-23,688.56,98.088,6
2020-08-24,1376.28,95.304,13
2020-08-25,2085.99,123.458,15
2020-08-26,1394.85,102.083,12
2020-08-27,2032.98,135.879,14
2020-08-28,431.37,98.812,4
2020-08-29,1703.25,146.188,11
2020-08-30,1547.02,129.977,11
2020-08-31,866.28,92.918,8
2020-09-01,833.97,159.476,5
2020-09-02,829.47,66.295,10
2020-09-03,612.74,58.654,9
2020-09-04,1100.78,124.843,8
2020-09-05,901.61,117.042,7
2020-09-06,1054.32,140.877,7
2020-09-07,1101.07,131.608,8
2020-09-08,1508.08,128.919,11
2020-09-09,1031.47,91.627,10
2020-09-10,1016.79,164.251,6
2020-09-11,610.03,97.246,6
2020-09-12,958.13,110.372,8
2020-09-13,705.1,88.248,7
2020-09-14,1811.95,141.355,12
2020-09-15,1338.9,93.041,13
2020-09-16,896.99,100.736,8
2020-09-17,1261.48,83.542,13
2020-09-18,534.75,52.112,8
2020-09-19,1402.44,164.9,8
2020-09-20,1008.74,99.632,9
2020-09-21,870.07,87.243,9
2020-09-22,1249.62,142.957,11
2020-09-23,931.13,105.975,8
2020-09-24,615.38,99.537,7
2020-09-25,526.1,124.212,4
2020-09-26,607.56,108.2,5
2020-09-27,872.95,100.138,8
2020-09-28,2024.28,131.305,14
2020-09-29,1109.44,151.014,7
2020-09-30,486.06,64.571,6
2020-10-01,543.75,102.952,5
2020-10-02,892.72,101.365,8
2020-10-03,467.84,98.977,4
2020-10-04,1302.7,107.494,11
2020-10-05,2601.19,141.814,17
2020-10-06,1035.11,92.318,10
2020-10-07,1040.69,140.884,7
2020-10-08,1405.42,102.505,12
2020-10-09,1048.97,144.981,7
2020-10-10,867.11,210.982,4
2020-10-11,416.47,65.47,5
2020-10-12,1010.5,114.866,8
2020-10-13,1196.57,96.224,11
2020-10-14,465.52,84.06,5
2020-10-15,1510.77,156.688,9
2020-10-16,1383.05,111.543,11
2020-10-17,736.86,111.408,6
2020-10-18,1196.84,137.478,8
2020-10-19,1560.1,187.577,8
2020-10-20,1530.37,126.954,11
2020-10-21,761.59,95.221,7
2020-10-22,773.21,95.054,7
2020-10-23,597.6,84.77,6
2020-10-24,1183.3,118.518,9
2020-10-25,967.09,99.685,9
2020-10-26,1226.55,125.118,9
2020-10-27,1000.12,86.649,10
2020-10-28,955.46,152.738,6
2020-10-29,1095.73,172.846,6
2020-10-30,1028.73,87.791,10
2020-10-31,1242.49,129.008,9
2020-11-01,1047.62,139.835,7
2020-11-02,1285.33,95.861,13
2020-11-03,1035.77,163.256,6
2020-11-04,1264.33,101.834,11
2020-11-05,646.13,63.718,8
2020-11-06,1097.39,83.908,11
2020-11-07,894.51,75.382,10
2020-11-08,1090.08,41.539,19
2020-11-09,1865.0,80.139,20
2020-11-10,1396.66,74.511,16
2020-11-11,892.44,74.801,10
2020-11-12,1513.02,91.528,14
2020-11-13,941.61,72.877,11
2020-11-14,1992.99,108.435,17
2020-11-15,2390.61,73.792,27
2020-11-16,1640.11,81.249,17
2020-11-17,1054.52,56.754,15
2020-11-18,2382.81,88.884,23
2020-11-19,685.61,76.58,8
2020-11-20,1404.87,84.408,15
2020-11-21,1665.87,144.816,11
2020-11-22,3120.0,125.748,23
2020-11-23,1892.27,116.975,15
2020-11-24,1008.25,119.412,8
2020-11-25,759.78,116.406,6
2020-11-26,1130.03,51.947,19
2020-11-27,3041.65,84.9,34
2020-11-28,2185.19,94.774,21
2020-11-29,2845.37,94.338,28
2020-11-30,6567.71,103.723,59
2020-12-01,10417.07,92.415,25
2020-12-02,8917.39,65.527,14
2020-12-03,1339.43,72.463,16
2020-12-04,1067.31,77.52,12
2020-12-05,1442.93,68.536,19
2020-12-06,1024.58,56.418,15
2020-12-07,3446.46,100.879,31
2020-12-08,1637.17,75.687,19
2020-12-09,1931.05,78.077,22
2020-12-10,1057.31,65.557,14
2020-12-11,2393.92,109.336,20
2020-12-12,1822.57,100.828,17
2020-12-13,2703.58,83.463,29
2020-12-14,1950.26,61.109,28
2020-12-15,2895.11,64.533,38
2020-12-16,1624.27,60.447,25
2020-12-17,1726.61,55.505,26
2020-12-18,2678.01,72.753,32
2020-12-19,1838.76,68.585,24
2020-12-20,2269.18,94.16,22
2020-12-21,3202.37,129.435,23
2020-12-22,1128.91,47.198,19
2020-12-23,1328.15,47.42,23
2020-12-24,1446.5,64.853,21
2020-12-25,2111.5,104.048,19
2020-12-26,3033.72,90.032,30
2020-12-27,2242.5,74.418,26
2020-12-28,1954.15,57.025,28
2020-12-29,1942.99,80.587,21
2020-12-30,2086.78,70.758,25
2020-12-31,1734.69,106.112,15
2021-01-01,2558.39,67.884,32
2021-01-02,2192.03,66.247,28
2021-01-03,2644.09,66.187,34
2021-01-04,3962.71,87.087,40
2021-01-05,3842.75,73.605,45
2021-01-06,3203.99,60.211,43
2021-01-07,3783.99,82.563,40
2021-01-08,3290.2,78.032,38
2021-01-09,2844.17,71.637,35
2021-01-10,4421.57,108.694,37
2021-01-11,5590.98,93.777,54
2021-01-12,3233.85,58.54,47
2021-01-13,655.67,39.015,13
2021-01-14,4677.18,105.078,43
2021-01-15,4660.11,93.879,45
2021-01-16,2585.61,45.04,45
2021-01-17,3133.98,53.85,47
2021-01-18,2321.97,46.315,41
2021-01-19,1728.84,64.165,23
2021-01-20,3013.97,66.566,39
2021-01-21,3526.34,57.286,55
2021-01-22,3618.21,65.999,46
2021-01-23,2980.19,57.721,42
2021-01-24,5448.28,84.351,57
2021-01-25,5005.03,65.962,64
2021-01-26,4986.7,53.547,75
2021-01-27,5121.99,75.915,59
2021-01-28,3855.1,53.838,58
2021-01-29,3691.18,56.64,54
2021-01-30,3480.89,68.432,44
2021-01-31,3478.96,51.02,54
2021-02-01,4310.6,64.842,56
2021-02-02,5270.66,68.672,65
2021-02-03,5844.57,70.427,72
2021-02-04,4010.54,58.564,58
2021-02-05,3242.27,50.118,52
2021-02-06,4715.59,61.482,65
2021-02-07,2989.53,45.32,52
2021-02-08,4798.39,78.126,52
2021-02-09,3683.73,71.598,42
2021-02-10,3382.91,61.182,45
2021-02-11,3974.06,64.392,51
2021-02-12,4025.39,61.028,53
2021-02-13,3664.95,55.791,50
2021-02-14,4899.2,68.806,58
2021-02-15,4827.79,75.124,54
2021-02-16,3109.98,54.592,44
2021-02-17,5256.87,86.823,52
2021-02-18,7400.77,94.18,69
2021-02-19,3773.69,74.618,42
2021-02-20,5054.8,79.479,54
2021-02-21,5678.73,76.687,61
2021-02-22,1998.0,84.888,20
2021-02-23,1974.11,62.907,25
2021-02-24,4538.73,70.747,53
2021-02-25,3579.37,62.979,46
2021-02-26,4332.87,67.298,51
2021-02-27,4470.07,91.495,42
2021-02-28,4178.64,57.065,57
2021-03-01,5690.37,88.659,55
2021-03-02,4911.49,69.362,58
2021-03-03,4451.62,61.506,58
2021-03-04,5244.57,73.017,60
2021-03-05,5234.02,82.914,54
2021-03-06,4582.93,78.583,49
2021-03-07,5019.42,68.191,60
2021-03-08,6878.91,81.469,71
2021-03-09,4923.3,68.741,58
2021-03-10,3973.41,75.125,44
2021-03-11,3183.61,76.854,35
2021-03-12,5184.17,88.627,50
2021-03-13,3252.06,65.009,41
2021-03-14,4364.31,68.129,51
2021-03-15,5167.02,72.9,58
2021-03-16,4539.49,73.062,51
2021-03-17,5125.5,66.171,61
2021-03-18,4457.38,60.115,59
2021-03-19,3253.81,54.628,45
2021-03-20,3341.97,70.774,38
2021-03-21,4453.21,70.075,51
2021-03-22,5158.17,82.337,53
2021-03-23,4227.27,73.203,47
2021-03-24,6242.34,72.991,72
2021-03-25,4813.24,86.202,47
2021-03-26,3487.41,54.419,48
2021-03-27,3730.15,57.705,50
2021-03-28,5116.51,93.188,47
2021-03-29,3595.92,61.682,47
2021-03-30,4099.95,77.644,44
2021-03-31,5348.05,77.427,58
2021-04-01,8758.04,64.618,125
2021-04-02,4942.16,59.983,75
2021-04-03,4747.68,55.642,81
2021-04-04,3150.61,49.616,56
2021-04-05,4955.37,64.545,70
2021-04-06,5034.11,54.036,83
2021-04-07,14360.39,95.243,142
2021-04-08,4035.57,59.96,63
2021-04-09,5189.71,62.672,75
2021-04-10,3275.77,42.45,66
2021-04-11,5163.16,61.302,77
2021-04-12,6296.73,70.045,82
2021-04-13,6166.18,61.991,92
2021-04-14,5435.79,61.795,82
2021-04-15,4266.34,49.874,75
2021-04-16,3396.27,55.943,54
2021-04-17,4462.55,54.4,74
2021-04-18,4098.76,51.306,72
2021-04-19,4512.45,46.402,86
2021-04-20,5585.22,53.42,93
2021-04-21,4520.45,68.739,60
2021-04-22,5854.69,63.152,85
2021-04-23,13833.35,84.652,154
2021-04-24,8503.33,67.583,116
2021-04-25,5898.58,62.319,86
2021-04-26,4532.96,51.568,79
2021-04-27,3648.35,48.448,67
2021-04-28,4192.38,59.769,67
2021-04-29,2919.4,41.085,62
2021-04-30,2419.33,77.625,29
2021-05-01,7076.57,65.976,98
2021-05-02,5534.19,61.469,82
2021-05-03,4551.49,54.894,74
2021-05-04,6127.63,68.689,82
2021-05-05,6860.19,56.461,109
2021-05-06,6592.18,64.709,97
2021-05-07,6675.05,62.367,97
2021-05-08,7108.68,58.932,111
2021-05-09,7593.4,58.602,123
2021-05-10,3828.18,47.569,71
2021-05-11,3774.13,59.435,58
2021-05-12,2829.11,58.328,45
2021-05-13,5260.57,60.53,79
2021-05-14,5494.3,66.052,76
2021-05-15,2321.27,50.612,41
2021-05-16,2728.38,54.74,45
2021-05-17,3374.48,50.777,59
2021-05-18,3927.0,63.871,56
2021-05-19,4228.92,64.111,60
2021-05-20,3618.15,64.919,51
2021-05-21,5726.78,75.157,71
2021-05-22,4055.73,59.797,61
2021-05-23,3137.5,56.932,50
2021-05-24,4552.33,62.868,66
2021-05-25,4214.01,64.151,61
2021-05-26,3698.15,57.584,58
2021-05-27,4398.4,56.02,71
2021-05-28,8547.56,64.392,123
2021-05-29,8042.86,62.524,119
2021-05-30,8622.92,62.258,127
2021-05-31,8017.38,64.362,113
2021-06-01,4184.51,58.109,65
2021-06-02,3221.27,47.916,60
2021-06-03,3008.25,44.239,60
2021-06-04,5174.78,65.413,73
2021-06-05,3961.82,45.057,77
2021-06-06,4984.89,55.922,81
2021-06-07,5184.55,50.009,92
2021-06-08,5053.7,63.423,73
2021-06-09,3552.69,60.322,54
2021-06-10,3927.71,51.704,68
2021-06-11,5719.19,57.389,90
2021-06-12,5481.32,62.486,80
2021-06-13,4885.54,53.537,81
2021-06-14,4306.08,55.876,70
2021-06-15,5522.65,58.345,86
2021-06-16,3673.58,50.792,65
2021-06-17,7478.52,59.932,114
2021-06-18,7070.72,66.96,97
2021-06-19,9116.41,70.443,119
2021-06-20,6025.93,54.299,100
2021-06-21,2333.52,50.787,41
2021-06-22,4494.1,53.994,75
2021-06-23,5485.99,50.525,97
2021-06-24,5443.18,69.691,82
2021-06-25,3775.6,47.586,70
2021-06-26,5122.25,57.934,80
2021-06-27,4289.82,53.047,72
2021-06-28,12287.23,77.395,147
2021-06-29,8063.98,58.663,124
2021-06-30,6537.91,57.719,102
2021-07-01,6360.81,57.455,100
2021-07-02,7021.17,51.093,121
2021-07-03,5632.04,57.91,88
2021-07-04,5918.41,60.648,88
2021-07-05,3894.31,56.098,63
2021-07-06,4528.17,53.483,76
2021-07-07,5132.01,54.191,85
2021-07-08,5083.65,45.116,99
2021-07-09,7060.45,62.189,103
2021-07-10,4382.36,42.897,89
2021-07-11,6429.84,55.473,103
2021-07-12,5868.44,52.775,99
2021-07-13,4271.43,63.9,61
2021-07-14,3819.78,55.285,63
2021-07-15,10940.84,50.834,197
2021-07-16,4155.49,51.824,73
2021-07-17,3951.76,60.24,63
2021-07-18,4047.52,56.03,65
2021-07-19,6709.34,53.966,111
2021-07-20,6055.59,57.914,96
2021-07-21,5533.45,52.51,94
2021-07-22,3960.86,51.182,69
2021-07-23,4045.26,49.359,73
2021-07-24,3526.23,48.731,64
2021-07-25,8077.72,64.02,115
2021-07-26,5646.31,61.228,84
2021-07-27,4692.48,56.11,75
2021-07-28,3340.52,44.137,66
2021-07-29,6002.34,56.653,96
2021-07-30,4122.7,60.593,62
2021-07-31,13034.82,47.027,243
2021-08-01,5121.24,57.994,80
2021-08-02,4662.62,61.542,69
2021-08-03,5340.3,58.59,82
2021-08-04,5434.17,51.349,95
2021-08-05,4799.84,59.17,74
2021-08-06,3198.19,39.321,70
2021-08-07,3814.2,47.895,71
2021-08-08,4554.29,53.902,76
2021-08-09,15900.51,70.725,207
2021-08-10,2745.35,44.717,54
2021-08-11,4848.83,56.47,77
2021-08-12,4578.92,55.673,74
2021-08-13,7610.71,69.554,101
2021-08-14,5037.22,61.969,74
2021-08-15,3690.65,46.717,69
2021-08-16,9890.01,53.364,170
2021-08-17,10723.15,47.452,198
2021-08-18,4512.88,64.699,64
2021-08-19,4357.03,70.262,57
2021-08-20,5510.12,61.854,81
2021-08-21,4158.07,61.398,62
2021-08-22,3942.93,58.92,61
2021-08-23,3652.16,54.91,60
2021-08-24,4759.9,59.865,72
2021-08-25,3691.92,47.44,68
2021-08-26,6609.27,59.51,100
2021-08-27,14019.82,58.972,224
2021-08-28,3687.79,56.112,59
2021-08-29,4374.72,55.114,71
2021-08-30,4651.97,75.311,59
2021-08-31,3748.55,62.126,55
2021-09-01,3818.42,46.93,72
2021-09-02,5621.36,65.706,78
2021-09-03,7286.82,55.562,117
2021-09-04,4485.22,56.439,71
2021-09-05,6292.65,47.843,116
2021-09-06,5644.05,51.805,97
2021-09-07,4975.91,60.282,75
2021-09-08,3344.86,67.414,45
2021-09-09,3830.53,52.478,65
2021-09-10,3775.9,55.346,61
2021-09-11,2927.45,46.389,57
2021-09-12,2766.2,51.607,48
2021-09-13,4823.87,58.424,75
2021-09-14,5886.29,65.839,85
2021-09-15,5191.3,53.844,87
2021-09-16,8393.76,62.641,126
2021-09-17,4373.76,59.335,67
2021-09-18,6262.0,72.158,80
2021-09-19,13086.26,78.2,157
2021-09-20,5639.37,58.973,90
2021-09-21,4163.82,56.517,67
2021-09-22,3519.81,41.532,74
2021-09-23,6845.74,67.969,93
2021-09-24,2454.43,57.957,39
2021-09-25,4661.15,59.641,72
2021-09-26,4609.58,47.376,86
2021-09-27,5335.09,60.681,80
2021-09-28,3259.09,41.626,68
2021-09-29,5167.97,62.687,75
2021-09-30,19025.34,58.774,319
2021-10-01,4914.34,54.361,82
2021-10-02,1759.28,32.062,46
2021-10-03,2617.45,35.292,64
2021-10-04,6985.37,62.052,104
2021-10-05,10756.07,48.525,207
2021-10-06,3815.93,56.535,60
2021-10-07,4176.32,48.063,77
2021-10-08,3032.73,50.461,53
2021-10-09,4183.96,51.878,71
2021-10-10,4271.04,65.665,59
2021-10-11,4446.78,53.289,76
2021-10-12,4125.94,52.021,71
2021-10-13,4211.19,47.74,77
2021-10-14,8805.46,59.627,135
2021-10-15,4731.16,52.894,82
2021-10-16,4868.25,54.163,80
2021-10-17,8274.22,64.819,117
2021-10-18,5041.23,53.614,83
2021-10-19,5350.0,64.281,76
2021-10-20,5194.84,52.397,88
2021-10-21,10671.75,50.315,188
2021-10-22,4894.68,48.703,88
2021-10-23,3539.35,42.375,73
2021-10-24,4241.29,56.705,67
2021-10-25,6112.39,65.892,87
2021-10-26,10163.43,73.472,129
2021-10-27,7339.8,53.883,121
2021-10-28,4653.94,52.066,79
2021-10-29,5568.81,52.196,94
2021-10-30,3136.78,40.783,67
2021-10-31,13379.62,70.583,176
2021-11-01,4817.45,50.311,84
2021-11-02,4053.05,47.828,74
2021-11-03,5944.31,48.108,108
2021-11-04,4751.76,54.875,78
2021-11-05,5336.38,50.948,94
2021-11-06,6742.13,48.369,122
2021-11-07,4169.88,53.857,70
2021-11-08,3793.1,50.592,66
2021-11-09,4382.91,68.663,60
2021-11-10,13523.03,70.027,179
2021-11-11,5117.4,51.083,91
2021-11-12,5971.94,58.331,97
2021-11-13,4950.69,50.969,85
2021-11-14,4106.07,55.879,66
2021-11-15,5559.34,55.328,89
2021-11-16,4798.96,53.464,80
2021-11-17,6182.7,53.237,102
2021-11-18,4073.97,48.023,75
2021-11-19,4526.61,64.663,69
2021-11-20,10493.29,64.718,147
2021-11-21,8671.08,63.265,129
2021-11-22,3128.44,44.264,63
2021-11-23,3688.58,58.062,57
2021-11-24,2211.91,36.31,51
2021-11-25,6442.32,62.376,94
2021-11-26,11186.37,63.407,161
2021-11-27,6029.92,70.022,84
2021-11-28,4391.85,51.094,76
2021-11-29,17391.09,54.242,314
2021-11-30,5286.62,55.323,86
2021-12-01,4803.07,48.581,92
2021-12-02,2640.19,43.319,53
2021-12-03,3315.97,50.602,58
2021-12-04,4348.1,48.794,78
2021-12-05,7268.73,61.571,109
2021-12-06,4874.75,49.402,90
2021-12-07,4555.23,54.319,74
2021-12-08,4335.04,54.717,74
2021-12-09,4850.14,61.034,72
2021-12-10,9200.99,54.411,152
2021-12-11,5208.09,47.98,97
2021-12-12,9268.58,60.972,144
2021-12-13,4605.18,54.371,76
2021-12-14,12121.33,54.385,213
2021-12-15,5513.04,58.215,85
2021-12-16,3568.68,47.411,68
2021-12-17,3224.48,49.059,58
2021-12-18,8937.93,41.292,192
2021-12-19,8711.55,51.334,150
2021-12-20,5015.4,49.605,91
2021-12-21,3906.19,58.06,64
2021-12-22,3883.34,51.385,68
2021-12-23,3058.53,64.583,44
2021-12-24,3813.46,56.158,61
2021-12-25,1338.53,39.569,30
2021-12-26,3799.81,50.164,67
2021-12-27,4633.5,55.535,74
2021-12-28,9089.01,68.562,121
2021-12-29,5742.75,60.885,88
2021-12-30,5070.84,57.643,79
2021-12-31,7254.37,61.886,108
2022-01-01,5113.52,52.882,87
2022-01-02,3880.34,47.816,71
2022-01-03,7459.7,67.875,102
2022-01-04,5761.73,53.583,100
2022-01-05,9948.06,59.267,151
2022-01-06,6233.36,57.265,99
2022-01-07,3490.5,44.471,68
2022-01-08,4092.89,58.612,63
2022-01-09,6694.95,57.506,105
2022-01-10,7054.42,59.127,109
2022-01-11,8103.13,57.713,126
2022-01-12,5066.57,56.176,81
2022-01-13,7199.41,64.828,101
2022-01-14,6141.9,63.019,88
2022-01-15,4935.82,47.506,91
2022-01-16,10550.94,58.247,171
2022-01-17,10114.4,59.354,155
2022-01-18,5684.69,52.017,97
2022-01-19,5488.96,60.681,82
2022-01-20,4774.02,60.152,75
2022-01-21,5171.91,50.792,91
2022-01-22,5616.86,52.438,100
2022-01-23,8507.85,56.741,135
2022-01-24,7924.43,62.086,118
2022-01-25,5678.53,56.442,94
2022-01-26,14776.77,75.082,185
2022-01-27,4208.47,56.693,70
2022-01-28,4695.62,46.295,89
2022-01-29,12922.86,69.868,172
2022-01-30,7291.47,53.057,122
2022-01-31,5508.81,54.686,93
2022-02-01,6807.04,61.852,100
2022-02-02,9072.19,54.129,151
2022-02-03,8525.73,53.421,145
2022-02-04,6330.04,58.741,97
2022-02-05,6683.44,64.315,95
2022-02-06,4723.98,50.865,83
2022-02-07,5005.35,53.418,83
2022-02-08,5080.92,57.222,81
2022-02-09,11834.23,60.91,176
2022-02-10,5430.16,49.674,99
2022-02-11,4236.75,46.308,80
2022-02-12,12255.88,61.576,180
2022-02-13,9233.09,61.61,136
2022-02-14,11640.68,68.721,160
2022-02-15,5614.66,57.426,93
2022-02-16,6525.08,55.669,106
2022-02-17,5238.37,51.992,98
2022-02-18,4340.25,39.684,95
2022-02-19,11092.49,44.959,217
2022-02-20,9463.8,48.058,174
2022-02-21,11340.16,45.687,220
2022-02-22,5582.18,50.05,101
2022-02-23,6296.36,64.101,90
2022-02-24,6211.31,59.302,95
2022-02-25,7141.07,74.492,88
2022-02-26,5882.45,54.004,98
2022-02-27,5419.14,55.608,90
2022-02-28,8312.98,52.026,146
2022-03-01,7280.13,54.726,132
2022-03-02,7150.07,50.601,129
2022-03-03,5898.47,49.014,108
2022-03-04,12182.76,62.754,178
2022-03-05,6833.12,56.822,111
2022-03-06,7892.05,57.28,127
2022-03-07,6866.36,49.548,124
2022-03-08,18588.03,66.242,258
2022-03-09,13830.75,60.85,206
2022-03-10,5172.52,49.92,94
2022-03-11,5653.58,60.271,86
2022-03-12,5507.16,42.182,115
2022-03-13,5912.44,52.003,105
2022-03-14,8234.09,57.683,133
2022-03-15,6530.94,50.428,120
2022-03-16,7940.23,60.91,119
2022-03-17,13754.45,55.877,248
2022-03-18,6552.1,58.612,104
2022-03-19,5746.18,53.855,96
2022-03-20,7001.32,55.617,113
2022-03-21,6770.54,45.898,130
2022-03-22,5697.79,51.951,101
2022-03-23,5460.92,56.073,87
2022-03-24,5160.38,60.975,77
2022-03-25,6280.28,55.932,102
2022-03-26,15882.01,64.328,227
2022-03-27,12972.17,64.867,185
2022-03-28,5816.58,48.772,105
2022-03-29,6803.52,54.57,114
2022-03-30,7483.15,77.479,90
2022-03-31,6940.16,59.969,105
2022-04-01,13048.81,62.898,192
2022-04-02,8333.9,72.373,114
2022-04-03,6936.68,56.815,112
2022-04-04,7937.42,56.109,128
2022-04-05,5326.57,54.401,89
2022-04-06,6582.85,60.364,100
2022-04-07,17097.66,61.191,253
2022-04-08,9907.01,63.808,141
2022-04-09,5040.54,51.794,86
2022-04-10,5055.38,62.894,76
2022-04-11,6951.58,59.711,105
2022-04-12,6899.66,51.957,117
2022-04-13,5749.21,59.337,87
2022-04-14,4563.18,49.624,89
2022-04-15,9823.74,71.344,127
2022-04-16,9458.43,77.685,117
2022-04-17,12143.58,72.873,158
2022-04-18,4428.49,80.03,53
2022-04-19,4700.25,60.275,72
2022-04-20,7328.77,63.284,109
2022-04-21,8499.65,62.12,126
2022-04-22,5580.4,48.63,104
2022-04-23,7709.8,60.779,120
2022-04-24,6095.77,67.675,87
2022-04-25,5726.9,56.366,92
2022-04-26,4309.29,55.602,71
2022-04-27,5687.66,62.437,84
2022-04-28,16417.65,60.596,248
2022-04-29,7921.35,67.084,115
2022-04-30,4088.62,62.347,60
2022-05-01,7939.24,66.124,112
2022-05-02,7355.25,57.759,116
2022-05-03,5890.95,70.318,77
2022-05-04,4728.93,54.956,84
2022-05-05,5170.25,58.228,80
2022-05-06,4800.16,60.691,73
2022-05-07,18349.8,59.878,277
2022-05-08,11104.37,62.398,161
2022-05-09,5912.59,61.644,88
2022-05-10,3894.07,47.725,72
2022-05-11,4248.48,47.225,80
2022-05-12,5171.63,50.746,91
2022-05-13,4529.22,47.284,87
2022-05-14,3664.55,49.71,65
2022-05-15,9537.46,51.31,166
2022-05-16,6428.18,57.108,102
2022-05-17,4525.21,65.802,64
2022-05-18,5293.49,64.918,76
2022-05-19,3605.52,45.799,68
2022-05-20,3391.22,46.672,64
2022-05-21,3820.24,46.866,73
2022-05-22,4056.45,46.387,79
2022-05-23,4295.59,42.713,89
2022-05-24,5786.86,65.59,81
2022-05-25,7223.69,47.244,136
2022-05-26,8030.43,68.89,106
2022-05-27,6036.39,68.705,80
2022-05-28,13617.18,72.37,172
2022-05-29,8422.48,64.354,116
2022-05-30,15325.66,64.149,267
2022-05-31,12704.84,73.776,163
2022-06-01,4809.02,60.94,69
2022-06-02,3903.3,45.98,77
2022-06-03,5255.11,50.582,87
2022-06-04,10442.4,63.278,142
2022-06-05,5981.86,56.869,90
2022-06-06,5607.72,59.101,83
2022-06-07,5164.24,59.213,77
2022-06-08,6055.85,53.547,96
2022-06-09,4359.42,51.738,71
2022-06-10,3044.28,51.073,53
2022-06-11,3813.24,55.118,58
2022-06-12,8447.03,59.955,121
2022-06-13,6239.14,60.451,87
2022-06-14,3367.71,50.768,57
2022-06-15,4519.51,56.384,71
2022-06-16,6089.76,68.991,76
2022-06-17,4061.71,51.178,67
2022-06-18,15502.66,66.62,204
2022-06-19,10697.41,75.198,125
2022-06-20,6050.69,56.131,93
2022-06-21,4958.41,57.042,77
2022-06-22,3755.92,49.456,63
2022-06-23,4246.99,60.173,60
2022-06-24,4235.03,60.357,61
2022-06-25,9096.14,60.141,128
2022-06-26,5526.45,63.374,73
2022-06-27,4186.23,57.764,61
2022-06-28,4064.9,53.341,66
2022-06-29,4757.56,65.57,64
2022-06-30,13580.74,67.639,176
2022-07-01,5377.71,59.147,80
2022-07-02,6874.01,71.351,82
2022-07-03,10274.22,70.55,127
2022-07-04,9098.11,63.267,124
2022-07-05,4814.9,54.65,74
2022-07-06,3558.88,59.719,51
2022-07-07,3422.29,55.125,56
2022-07-08,2735.18,51.582,47
2022-07-09,7415.47,62.608,103
2022-07-10,6659.02,66.582,89
2022-07-11,7937.79,60.94,111
2022-07-12,4192.76,62.114,59
2022-07-13,3520.95,49.589,61
2022-07-14,3226.29,54.406,51
2022-07-15,8779.49,72.244,110
2022-07-16,2916.87,51.197,49
2022-07-17,3393.81,59.692,49
2022-07-18,7717.52,49.828,132
2022-07-19,4733.04,52.839,74
2022-07-20,4413.76,53.576,68
2022-07-21,4522.6,56.055,67
2022-07-22,4919.48,66.395,64
2022-07-23,5353.47,72.35,66
2022-07-24,4640.08,65.951,60
2022-07-25,6635.78,63.751,90
2022-07-26,5937.79,57.121,88
2022-07-27,5133.81,58.185,75
2022-07-28,4103.7,55.461,62
2022-07-29,3683.6,56.742,54
2022-07-30,13755.0,74.654,162
2022-07-31,3807.95,58.417,56
2022-08-01,4518.96,47.907,79
2022-08-02,5519.83,60.686,79
2022-08-03,5183.06,73.147,64
2022-08-04,5095.28,60.029,73
2022-08-05,5945.67,75.648,70
2022-08-06,4541.91,68.613,59
2022-08-07,5063.28,69.088,64
2022-08-08,11122.34,64.074,151
2022-08-09,5647.87,65.808,75
2022-08-10,4833.58,60.517,70
2022-08-11,4770.73,62.638,68
2022-08-12,12232.13,64.368,171
2022-08-13,4911.95,68.864,63
2022-08-14,8217.35,65.282,112
2022-08-15,4780.11,54.175,81
2022-08-16,3147.05,51.002,55
2022-08-17,3638.66,56.228,61
2022-08-18,4154.65,44.633,82
2022-08-19,6302.43,66.129,84
2022-08-20,3906.21,51.152,65
2022-08-21,6315.53,66.795,84
2022-08-22,4511.92,50.147,77
2022-08-23,4938.75,72.248,62
2022-08-24,4001.71,59.925,59
2022-08-25,4041.65,59.968,60
2022-08-26,3761.53,56.462,60
2022-08-27,17255.8,64.185,239
2022-08-28,9530.27,66.81,125
2022-08-29,3727.03,52.974,63
2022-08-30,3826.03,54.078,61
2022-08-31,3054.33,53.268,50
2022-09-01,10617.55,65.117,144
2022-09-02,5743.04,64.768,79
2022-09-03,3865.59,57.912,58
2022-09-04,9268.07,67.009,124
2022-09-05,14098.0,71.498,175
2022-09-06,3190.92,56.804,49
2022-09-07,3829.39,69.152,54
2022-09-08,3945.51,57.879,63
2022-09-09,3983.89,63.607,55
2022-09-10,2857.05,50.511,49
2022-09-11,7586.3,50.771,126
2022-09-12,3622.31,51.195,61
2022-09-13,2742.0,52.87,45
2022-09-14,3354.78,52.895,55
2022-09-15,3834.61,55.911,60
2022-09-16,4497.44,67.454,59
2022-09-17,3444.57,56.626,53
2022-09-18,4428.79,62.385,62
2022-09-19,5016.28,54.791,80
2022-09-20,6322.58,68.028,84
2022-09-21,10768.28,64.234,147
2022-09-22,3011.09,46.025,56
2022-09-23,3419.06,62.775,50
2022-09-24,2513.97,52.259,42
2022-09-25,4196.75,52.548,70
2022-09-26,5127.59,57.476,81
2022-09-27,5916.5,64.796,82
2022-09-28,2968.22,44.862,56
2022-09-29,4098.06,66.075,58
2022-09-30,24429.41,73.229,300
2022-10-01,11675.84,74.846,142
2022-10-02,18435.5,77.462,217
2022-10-03,3648.13,72.23,46
2022-10-04,3548.5,62.396,51
2022-10-05,4354.87,48.091,79
2022-10-06,2866.69,41.635,58
2022-10-07,2600.57,54.147,44
2022-10-08,12067.02,61.178,171
2022-10-09,5692.04,62.251,81
2022-10-10,9543.15,58.716,143
2022-10-11,12349.72,70.416,157
2022-10-12,3897.15,57.074,61
2022-10-13,5703.37,47.73,102
2022-10-14,3635.6,56.098,57
2022-10-15,4529.72,56.721,72
2022-10-16,2889.64,62.112,41
2022-10-17,4002.62,63.308,56
2022-10-18,4952.88,63.209,69
2022-10-19,4371.62,57.262,69
2022-10-20,3512.26,57.479,58
2022-10-21,7147.86,58.265,105
2022-10-22,5063.52,50.188,87
2022-10-23,4358.62,67.87,58
2022-10-24,4929.37,46.81,92
2022-10-25,3745.61,56.624,59
2022-10-26,4131.9,55.148,68
2022-10-27,5250.06,78.239,61
2022-10-28,4193.88,63.634,61
2022-10-29,9154.97,53.909,146
2022-10-30,7044.42,68.427,93
2022-10-31,13025.03,75.04,157
2022-11-01,3809.63,54.474,62
2022-11-02,5096.88,51.685,84
2022-11-03,3662.01,52.083,61
2022-11-04,2220.26,52.596,38
2022-11-05,15173.95,63.112,208
2022-11-06,11283.15,60.671,162
2022-11-07,4829.34,63.755,72
2022-11-08,2837.6,39.718,61
2022-11-09,3449.55,51.044,60
2022-11-10,3635.63,63.332,50
2022-11-11,4410152.41,42394.959,104
2022-11-12,3891.83,58.64,58
2022-11-13,5253.83,57.789,78
2022-11-14,6937.03,65.678,92
2022-11-15,3364.72,54.99,54
2022-11-16,4139.45,60.44,61
2022-11-17,3380.07,56.903,52
2022-11-18,3714.43,83.071,40
2022-11-19,11038.32,57.951,166
2022-11-20,7213.55,72.719,88
2022-11-21,10668.45,63.007,148
2022-11-22,2224.27,57.67,33
2022-11-23,1796.38,61.755,26
2022-11-24,565.88,52.496,9
2022-11-25,7893.09,48.077,183
2022-11-26,6673.65,49.116,141
2022-11-27,15736.88,72.297,202
2022-11-28,7650.6,48.542,155
2022-11-29,2395.08,68.268,33
2022-11-30,11686.29,62.462,164
2022-12-01,2287.84,64.196,31
2022-12-02,1030.92,45.883,23
2022-12-03,4383.59,46.135,80
2022-12-04,2981.43,64.455,47
2022-12-05,2930.67,58.26,44
2022-12-06,2559.28,69.163,33
2022-12-07,3322.3,64.368,47
2022-12-08,16448.74,51.094,291
2022-12-09,9204.27,68.588,119
2022-12-10,5083.22,56.079,81
2022-12-11,7298.11,62.279,104
2022-12-12,2967.64,65.386,40
2022-12-13,2617.51,57.897,40
2022-12-14,8434.09,52.941,151
2022-12-15,3555.22,57.727,54
2022-12-16,4956.16,63.537,70
2022-12-17,9287.57,64.757,127
2022-12-18,5566.66,71.359,70
2022-12-19,9976.83,62.982,139
2022-12-20,2829.27,66.733,38
2022-12-21,3039.7,50.583,52
2022-12-22,3362.62,38.174,76
2022-12-23,1919.01,65.182,26
2022-12-24,1148.22,62.711,16
2022-12-25,586.02,58.292,9
2022-12-26,1487.58,57.163,23
2022-12-27,1991.64,52.844,33
2022-12-28,2961.18,51.136,49
2022-12-29,10422.19,68.187,134
2022-12-30,5122.8,59.953,74
2022-12-31,5554.98,58.888,82
2023-01-01,8543.39,73.123,103
2023-01-02,1568.36,56.405,24
2023-01-03,0.0,0.0,0
2023-01-04,0.0,0.0,0
2023-01-05,0.0,0.0,0
2023-01-06,0.0,0.0,0
2023-01-07,0.0,0.0,0
2023-01-08,0.0,0.0,0
2023-01-09,0.0,0.0,0
2023-01-10,0.0,0.0,0
2023-01-11,0.0,0.0,0
2023-01-12,105.34,87.35,1
2023-01-13,2835.45,58.535,40
2023-01-14,13924.15,68.763,171
2023-01-15,6597.1,64.955,85
2023-01-16,13642.9,64.419,182
2023-01-17,3422.2,73.689,42
2023-01-18,1912.88,66.692,25
2023-01-19,3041.79,59.449,45
2023-01-20,16706.55,69.878,205
2023-01-21,6910.12,63.501,92
2023-01-22,14977.21,68.498,187
2023-01-23,4316.81,76.737,50
2023-01-24,2866.21,52.328,47
2023-01-25,3136.67,80.154,35
2023-01-26,7620.12,69.216,95
2023-01-27,2539.98,68.516,33
2023-01-28,2746.69,57.984,40
2023-01-29,7222.61,54.969,110
2023-01-30,4328.28,53.082,70
2023-01-31,3003.93,58.241,46
2023-02-01,3050.46,64.874,41
2023-02-02,16115.98,69.352,200
2023-02-03,4615.56,67.194,60
2023-02-04,17797.57,66.424,230
2023-02-05,10345.44,69.559,128
2023-02-06,2651.23,50.358,45
2023-02-07,2992.5,72.033,38
2023-02-08,3788.91,73.981,46
2023-02-09,5840.22,61.658,80
2023-02-10,4625.08,61.744,65
2023-02-11,7736.21,59.194,109
2023-02-12,7455.61,56.813,109
2023-02-13,6678.33,52.216,106
2023-02-14,9685.71,58.04,140
2023-02-15,2509.58,61.582,38
2023-02-16,2843.37,64.114,40
2023-02-17,3461.46,60.189,49
2023-02-18,14170.81,58.255,203
2023-02-19,9502.66,64.548,126
2023-02-20,17828.1,65.743,236
2023-02-21,4041.29,68.52,51
2023-02-22,2723.12,48.744,49
2023-02-23,4625.23,60.191,64
2023-02-24,5713.25,64.365,78
2023-02-25,4234.13,56.434,64
2023-02-26,3528.16,50.812,58
2023-02-27,5416.44,66.486,72
2023-02-28,4727.53,54.073,75
2023-03-01,3713.04,46.221,66
2023-03-02,5145.36,68.248,62
2023-03-03,14883.16,62.544,202
2023-03-04,9539.63,53.467,148
2023-03-05,4334.45,57.509,64
2023-03-06,4632.5,53.159,75
2023-03-07,3662.37,52.302,66
2023-03-08,26160.06,65.113,346
2023-03-09,2148.05,42.05,44
2023-03-10,10963.81,53.921,171
2023-03-11,6956.92,48.014,120
2023-03-12,11133.88,60.449,156
2023-03-13,4660.66,56.374,72
2023-03-14,3524.66,40.703,76
2023-03-15,4357.85,57.636,66
2023-03-16,9526.79,55.939,144
2023-03-17,6409.44,54.914,98
2023-03-18,8896.32,51.92,141
2023-03-19,11440.6,54.094,177
2023-03-20,3989.54,43.998,76
2023-03-21,4111.99,53.911,67
2023-03-22,10987.12,51.176,180
2023-03-23,2663.6,38.793,62
2023-03-24,16040.42,52.841,258
2023-03-25,11844.88,56.879,176
2023-03-26,15277.06,58.9,219
2023-03-27,3442.45,41.785,67
2023-03-28,4766.27,50.398,80
2023-03-29,3491.62,37.88,75
2023-03-30,3971.22,49.576,65
2023-03-31,4745.42,50.303,79
2023-04-01,12135.77,51.657,193
2023-04-02,13853.88,51.385,223
2023-04-03,4841.22,39.009,103
2023-04-04,3678.03,38.984,82
2023-04-05,3813.43,43.96,74
2023-04-06,15359.24,55.996,232
2023-04-07,6218.7,55.553,98
2023-04-08,9704.23,58.039,142
2023-04-09,16013.07,65.568,208
2023-04-10,4480.23,50.689,82
2023-04-11,3923.77,46.882,78
2023-04-12,5197.3,47.574,92
2023-04-13,3733.11,46.3,66
2023-04-14,4512.34,49.024,76
2023-04-15,8857.37,58.987,127
2023-04-16,5703.56,55.59,86
2023-04-17,11714.42,54.802,185
2023-04-18,5789.73,60.642,83
2023-04-19,4237.13,40.561,85
2023-04-20,5317.97,48.681,90
2023-04-21,17464.68,61.526,248
2023-04-22,11781.04,51.337,188
2023-04-23,13197.72,54.485,201
2023-04-24,15297.15,53.745,243
2023-04-25,3831.37,47.516,75
2023-04-26,3875.53,38.126,83
2023-04-27,3228.52,36.714,70
2023-04-28,12253.16,56.245,182
2023-04-29,7086.21,50.579,116
2023-04-30,9855.97,48.77,166
2023-05-01,3808.37,38.698,83
2023-05-02,13074.38,51.139,216
2023-05-03,3538.36,44.058,68
2023-05-04,4250.02,56.309,66
2023-05-05,3772.57,42.114,81
2023-05-06,10003.34,56.909,147
2023-05-07,6014.71,61.379,83
2023-05-08,5226.06,52.699,87
2023-05-09,4523.94,49.943,76
2023-05-10,5030.88,44.412,95
2023-05-11,17119.19,57.403,255
2023-05-12,13574.11,57.26,200
2023-05-13,10296.33,58.056,150
2023-05-14,15109.22,60.234,213
2023-05-15,3872.76,45.137,72
2023-05-16,3862.51,40.068,81
2023-05-17,4254.94,43.939,81
2023-05-18,2921.7,38.661,65
2023-05-19,9640.3,57.113,154
2023-05-20,4101.97,54.804,64
2023-05-21,4174.95,47.307,73
2023-05-22,4401.07,42.341,87
2023-05-23,6079.19,49.188,103
2023-05-24,9138.5,51.812,147
2023-05-25,6357.53,48.254,111
2023-05-26,11482.07,51.401,185
2023-05-27,11923.88,53.066,189
2023-05-28,15692.51,59.037,224
2023-05-29,13997.27,59.57,198
2023-05-30,3217.33,48.82,62
2023-05-31,3154.97,49.079,68
2023-06-01,4115.03,45.14,78
2023-06-02,5446.73,49.996,90
2023-06-03,9126.21,58.201,132
2023-06-04,8842.65,53.18,138
2023-06-05,4543.59,47.482,85
2023-06-06,4021.07,43.803,79
2023-06-07,4225.99,45.368,78
2023-06-08,15082.69,60.151,214
2023-06-09,13826.8,57.65,204
2023-06-10,3637.84,47.5,63
2023-06-11,3412.01,54.66,52
2023-06-12,4516.6,48.647,77
2023-06-13,3505.36,46.573,69
2023-06-14,2739.68,40.825,61
2023-06-15,12891.32,53.555,204
2023-06-16,9574.66,49.854,166
2023-06-17,7473.93,46.483,132
2023-06-18,11549.65,56.906,170
2023-06-19,3142.63,35.916,74
2023-06-20,3110.15,37.012,71
2023-06-21,5245.45,52.039,87
2023-06-22,5376.54,46.254,96
2023-06-23,6133.31,46.545,107
2023-06-24,6641.87,49.087,111
2023-06-25,11582.83,54.426,175
2023-06-26,14079.85,61.108,209
2023-06-27,2438.79,38.852,55
2023-06-28,4294.55,60.566,65
2023-06-29,3463.19,48.413,66
2023-06-30,3791.59,42.698,75
2023-07-01,14302.44,59.685,203
2023-07-02,9504.65,56.087,142
2023-07-03,8453.74,53.053,144
2023-07-04,11644.09,58.065,167
2023-07-05,12511.68,60.589,181
2023-07-06,1920.88,36.777,52
2023-07-07,2051.18,39.946,42
2023-07-08,2481.04,40.528,49
2023-07-09,3852.67,40.74,76
2023-07-10,11441.97,57.403,169
2023-07-11,8522.59,59.399,123
2023-07-12,12513.16,55.408,190
2023-07-13,3097.3,50.187,52
2023-07-14,3235.35,42.191,66
2023-07-15,8814.58,70.448,115
2023-07-16,3830.19,47.815,67
2023-07-17,3451.56,48.54,60
2023-07-18,3056.62,46.397,62
2023-07-19,3309.66,51.03,60
2023-07-20,4932.79,59.948,71
2023-07-21,4597.68,54.747,73
2023-07-22,10139.96,55.393,154
2023-07-23,8964.58,45.538,161
2023-07-24,3485.36,51.999,61
2023-07-25,3002.21,43.083,59
2023-07-26,2803.28,42.686,58
2023-07-27,3183.23,44.094,61
2023-07-28,15724.58,61.39,221
2023-07-29,12577.77,63.022,170
2023-07-30,12105.96,52.51,190
2023-07-31,3434.27,55.369,61
2023-08-01,2751.63,39.695,59
2023-08-02,2314.41,40.723,53
2023-08-03,3266.3,49.864,56
2023-08-04,8294.37,50.163,139
2023-08-05,6736.92,55.438,102
2023-08-06,3065.96,45.237,56
2023-08-07,3684.38,47.41,67
2023-08-08,4009.86,43.103,79
2023-08-09,33350.74,61.766,467
2023-08-10,4996.63,51.451,86
2023-08-11,3882.47,47.695,70
2023-08-12,3193.73,41.519,62
2023-08-13,3827.87,42.384,73
2023-08-14,10984.13,56.08,165
2023-08-15,8334.93,44.251,148
2023-08-16,10151.77,55.315,159
2023-08-17,8836.04,45.662,160
2023-08-18,4890.34,54.532,77
2023-08-19,3083.44,38.952,63
2023-08-20,3655.48,46.643,65
2023-08-21,9440.1,47.432,169
2023-08-22,4652.47,48.648,83
2023-08-23,3850.53,40.726,82
2023-08-24,3018.26,35.279,74
2023-08-25,11384.79,57.337,170
2023-08-26,11511.4,56.811,171
2023-08-27,14073.51,54.677,215
2023-08-28,4121.23,44.267,82
2023-08-29,2425.96,36.458,59
2023-08-30,2936.19,36.57,66
2023-08-31,3392.25,46.118,62
2023-09-01,10513.05,46.989,185
2023-09-02,8118.98,44.471,147
2023-09-03,10328.23,53.647,159
2023-09-04,15811.02,67.407,204
2023-09-05,2262.29,35.825,62
2023-09-06,3600.6,54.117,59
2023-09-07,2270.47,33.771,55
2023-09-08,2950.51,40.683,61
2023-09-09,3166.62,36.825,68
2023-09-10,2820.38,41.271,55
2023-09-11,3548.84,48.496,66
2023-09-12,3139.44,39.777,70
2023-09-13,3742.98,43.642,75
2023-09-14,4334.8,39.211,90
2023-09-15,11197.01,56.137,168
2023-09-16,10726.06,53.844,167
2023-09-17,29513.79,61.347,407
2023-09-18,3853.89,53.801,68
2023-09-19,2826.45,44.265,59
2023-09-20,3262.26,48.659,57
2023-09-21,6365.07,53.186,100
2023-09-22,3195.9,39.102,67
2023-09-23,2744.4,34.675,62
2023-09-24,4123.14,40.977,80
2023-09-25,7555.31,47.416,133
2023-09-26,4325.59,39.301,92
2023-09-27,3603.96,39.162,84
2023-09-28,11854.22,53.254,187
2023-09-29,10252.65,56.799,157
2023-09-30,8600.83,50.942,141
2023-10-01,13493.6,51.226,217
2023-10-02,4426.6,49.339,81
2023-10-03,3871.47,43.502,76
2023-10-04,4502.07,56.689,66
2023-10-05,4146.16,47.992,73
2023-10-06,4557.67,40.884,90
2023-10-07,7720.81,48.483,129
2023-10-08,8323.86,48.219,141
2023-10-09,10923.42,50.228,186
2023-10-10,4566.62,48.883,79
2023-10-11,3849.38,41.938,79
2023-10-12,4405.15,43.093,87
2023-10-13,5299.69,44.492,97
2023-10-14,6957.4,47.254,119
2023-10-15,7166.11,46.955,123
2023-10-16,5245.78,46.706,96
2023-10-17,4970.69,44.078,92
2023-10-18,6176.87,55.677,93
2023-10-19,6628.03,45.809,118
2023-10-20,6938.78,45.695,127
2023-10-21,11383.74,53.847,175
2023-10-22,7025.52,50.445,115
2023-10-23,7493.05,47.237,134
2023-10-24,6501.02,43.958,124
2023-10-25,4976.95,44.113,94
2023-10-26,5578.3,42.751,108
2023-10-27,4675.51,40.816,92
2023-10-28,4178.99,36.914,90
2023-10-29,23545.58,63.779,314
2023-10-30,19584.29,54.079,305
2023-10-31,19406.82,59.197,280
2023-11-01,3885.92,42.129,78
2023-11-02,4056.99,42.785,80
2023-11-03,4258.3,44.356,78
2023-11-04,4326.31,49.498,72
2023-11-05,4698.35,49.309,78
2023-11-06,7495.14,49.674,131
2023-11-07,9009.44,53.659,139
2023-11-08,7260.91,47.875,124
2023-11-09,8853.38,54.804,139
2023-11-10,4477.74,44.531,84
2023-11-11,4453.26,44.749,80
2023-11-12,5951.18,51.73,95
2023-11-13,5178.6,52.976,83
2023-11-14,5167.84,48.307,96
2023-11-15,6469.32,52.526,105
2023-11-16,5352.92,47.557,97
2023-11-17,5239.95,45.737,100
2023-11-18,4291.98,44.13,79
2023-11-19,4867.66,42.991,92
2023-11-20,3572.42,36.095,82
2023-11-21,3845.5,37.253,84
2023-11-22,4672.81,47.963,89
2023-11-23,3402.31,38.938,70
2023-11-24,23567.76,79.423,260
2023-11-25,22808.0,79.578,250
2023-11-26,5915.94,51.032,96
2023-11-27,8536.15,56.758,137
2023-11-28,5033.5,49.456,88
2023-11-29,4716.8,43.162,92
2023-11-30,6165.13,50.125,104
