day,orders,total_sales,AOV,Ad Cost 1,Ad Cost 2,Total Ad Cost,total_sessions
2022-01-01,46,"$2,780.14",$60.44,$154.74,$839.95,$994.69,1987
2022-01-02,42,"$2,632.51",$62.68,$148.59,$775.12,$923.71,1538
2022-01-03,17,$884.70,$52.04,$107.73,$761.48,$869.21,1142
2022-01-04,33,"$2,487.35",$75.37,$86.46,$766.36,$852.82,1309
2022-01-05,23,"$1,376.53",$59.85,$119.11,$758.84,$877.95,959
2022-01-06,21,"$1,282.04",$61.05,$82.98,$785.28,$868.26,967
2022-01-07,23,"$1,114.92",$48.47,$59.33,$807.35,$866.68,1013
2022-01-08,20,"$1,486.08",$74.30,$98.26,$806.00,$904.26,999
2022-01-09,29,"$2,253.98",$77.72,$92.18,$760.72,$852.90,1017
2022-01-10,40,"$2,051.67",$51.29,$65.53,$766.28,$831.81,719
2022-01-11,28,"$1,522.25",$54.37,$69.47,$782.47,$851.94,837
2022-01-12,35,"$2,301.22",$65.75,$78.66,$802.93,$881.59,982
2022-01-13,33,"$2,782.41",$84.32,$72.07,$785.33,$857.40,802
2022-01-14,21,"$1,495.51",$71.21,$67.98,$762.88,$830.86,855
2022-01-15,23,"$1,822.77",$79.25,$80.86,$818.74,$899.60,962
2022-01-16,24,"$1,096.21",$45.68,$74.73,$749.27,$824.00,978
2022-01-17,33,"$1,722.05",$52.18,$68.79,$744.77,$813.56,885
2022-01-18,5,$242.58,$48.52,$71.13,$744.24,$815.37,847
2022-01-19,26,"$1,661.70",$63.91,$70.37,$771.41,$841.78,991
2022-01-20,25,"$1,662.41",$66.50,$79.19,$771.91,$851.10,1324
2022-01-21,24,"$1,295.09",$53.96,$75.67,$792.16,$867.83,1055
2022-01-22,24,"$1,255.43",$52.31,$93.15,$826.85,$920.00,1443
2022-01-23,28,"$1,719.99",$61.43,$88.07,$756.25,$844.32,1313
2022-01-24,57,"$5,269.55",$92.45,$90.43,$702.67,$793.10,1663
2022-01-25,22,"$1,375.68",$62.53,$82.59,$656.91,$739.50,1198
2022-01-26,27,"$1,566.29",$58.01,$105.73,$662.48,$768.21,1054
2022-01-27,39,"$2,490.17",$63.85,$132.10,$647.85,$779.95,1220
2022-01-28,34,"$2,236.41",$65.78,$141.40,$654.91,$796.31,1292
2022-01-29,33,"$2,030.38",$61.53,$147.40,$685.54,$832.94,1562
2022-01-30,33,"$2,234.18",$67.70,$176.74,$636.00,$812.74,1448
2022-01-31,44,"$2,466.21",$56.05,$165.97,$710.45,$876.42,1503
2022-02-01,22,"$1,289.39",$58.61,$110.75,$739.13,$849.88,1105
2022-02-02,30,"$1,955.27",$65.18,$105.93,$756.23,$862.16,1198
2022-02-03,28,"$1,826.72",$65.24,$83.74,"$1,656.59","$1,740.33",1161
2022-02-04,36,"$2,177.01",$60.47,$130.81,"$1,121.93","$1,252.74",1255
2022-02-05,25,"$1,462.06",$58.48,$137.67,$768.79,$906.46,1191
2022-02-06,20,$923.42,$46.17,$140.75,$655.83,$796.58,1208
2022-02-07,42,"$3,256.23",$77.53,$176.74,$565.94,$742.68,1248
2022-02-08,35,"$1,935.22",$55.29,$164.32,$515.70,$680.02,1055
2022-02-09,24,"$1,539.71",$64.15,$187.10,$480.40,$667.50,1038
2022-02-10,51,"$2,958.77",$58.02,$185.40,$493.36,$678.76,1044
2022-02-11,32,"$2,174.73",$67.96,$207.16,$513.95,$721.11,1083
2022-02-12,36,"$2,073.71",$57.60,$329.86,$518.80,$848.66,1368
2022-02-13,34,"$2,135.36",$62.80,$237.35,$459.30,$696.65,1443
2022-02-14,287,"$19,021.17",$66.28,$197.73,$477.82,$675.55,3448
2022-02-15,56,"$3,323.49",$59.35,$199.12,$486.09,$685.21,1659
2022-02-16,48,"$2,879.43",$59.99,$191.04,$487.82,$678.86,1456
2022-02-17,61,"$3,518.73",$57.68,$187.22,$510.54,$697.76,1725
2022-02-18,39,"$2,485.43",$63.73,$189.60,$528.98,$718.58,1365
2022-02-19,31,"$1,677.19",$54.10,$151.11,$539.44,$690.55,1483
2022-02-20,58,"$3,197.91",$55.14,$180.94,$469.39,$650.33,1429
2022-02-21,152,"$9,337.76",$61.43,$260.15,$528.52,$788.67,3310
2022-02-22,56,"$2,579.55",$46.06,$162.80,$502.76,$665.56,1591
2022-02-23,48,"$2,115.62",$44.08,$167.92,$503.49,$671.41,1546
2022-02-24,96,"$5,316.95",$55.38,$195.38,$519.11,$714.49,2079
2022-02-25,61,"$3,172.64",$52.01,$186.78,$556.68,$743.46,1335
2022-02-26,71,"$4,281.76",$60.31,$215.72,$574.58,$790.30,2007
2022-02-27,33,"$1,922.40",$58.25,$201.08,$538.88,$739.96,1333
2022-02-28,34,"$1,428.32",$42.01,$214.39,$534.84,$749.23,1257
2022-03-01,45,"$2,394.64",$53.21,$185.61,$533.24,$718.85,1242
2022-03-02,33,"$1,959.19",$59.37,$187.62,$542.46,$730.08,1134
2022-03-03,51,"$2,587.89",$50.74,$179.18,$547.76,$726.94,1226
2022-03-04,43,"$2,585.02",$60.12,$183.47,$507.59,$691.06,1292
2022-03-05,35,"$2,141.22",$61.18,$250.00,$496.05,$746.05,1350
2022-03-06,37,"$2,406.74",$65.05,$148.73,$507.10,$655.83,1185
2022-03-07,59,"$3,446.42",$58.41,$185.86,$518.08,$703.94,1551
2022-03-08,55,"$3,215.39",$58.46,$182.33,$513.11,$695.44,1498
2022-03-09,53,"$3,617.20",$68.25,$143.12,$534.34,$677.46,1305
2022-03-10,83,"$4,278.48",$51.55,$156.61,$718.69,$875.30,1235
2022-03-11,71,"$3,713.27",$52.30,$153.91,$756.22,$910.13,1777
2022-03-12,48,"$2,304.06",$48.00,$190.59,$793.03,$983.62,1441
2022-03-13,40,"$2,504.09",$62.60,$181.95,$700.50,$882.45,1517
2022-03-14,46,"$1,995.24",$43.37,$181.24,$694.23,$875.47,1117
2022-03-15,48,"$2,653.41",$55.28,$194.28,$693.61,$887.89,1432
2022-03-16,74,"$3,834.91",$51.82,$175.48,$711.41,$886.89,1399
2022-03-17,90,"$5,228.30",$58.09,$161.10,$737.45,$898.55,1508
2022-03-18,64,"$3,198.12",$49.97,$170.74,$765.30,$936.04,1705
2022-03-19,51,"$2,870.42",$56.28,$138.84,$780.08,$918.92,1498
2022-03-20,50,"$3,231.96",$64.64,$155.08,$723.81,$878.89,1529
2022-03-21,60,"$3,642.67",$60.71,$177.62,$714.32,$891.94,1691
2022-03-22,65,"$3,601.18",$55.40,$162.67,$722.12,$884.79,1973
2022-03-23,66,"$4,383.38",$66.41,$145.90,$714.31,$860.21,1502
2022-03-24,65,"$3,676.94",$56.57,$160.14,$742.02,$902.16,1392
2022-03-25,73,"$4,675.87",$64.05,$163.32,$797.13,$960.45,1591
2022-03-26,70,"$4,865.14",$69.50,$217.41,$823.30,"$1,040.71",1648
2022-03-27,62,"$3,924.69",$63.30,$193.25,$755.29,$948.54,1348
2022-03-28,64,"$4,182.43",$65.35,$150.48,$749.71,$900.19,1805
2022-03-29,60,"$3,489.62",$58.16,$147.34,$756.50,$903.84,1567
2022-03-30,61,"$3,702.89",$60.70,$156.86,$772.00,$928.86,1350
2022-03-31,123,"$6,724.26",$54.67,$143.52,$811.07,$954.59,2111
2022-04-01,70,"$3,673.20",$52.47,$199.99,$821.65,"$1,021.64",1629
2022-04-02,53,"$3,002.14",$56.64,$203.71,$846.73,"$1,050.44",1324
2022-04-03,56,"$3,160.97",$56.45,$162.76,$128.69,$291.45,1282
2022-04-04,87,"$5,028.91",$57.80,$157.53,$737.21,$894.74,1633
2022-04-05,176,"$15,537.71",$88.28,$174.73,$752.37,$927.10,2375
2022-04-06,85,"$5,160.88",$60.72,$174.32,$770.85,$945.17,1757
2022-04-07,69,"$3,999.28",$57.96,$165.34,$784.94,$950.28,1542
2022-04-08,142,"$7,470.23",$52.61,$188.81,$690.93,$879.74,1873
2022-04-09,56,"$3,727.07",$66.55,$207.79,$677.54,$885.33,1416
2022-04-10,94,"$6,163.25",$65.57,$169.88,$639.45,$809.33,1203
2022-04-11,46,"$3,012.52",$65.49,$193.35,$608.73,$802.08,1444
2022-04-12,67,"$3,253.57",$48.56,$170.86,$661.24,$832.10,1425
2022-04-13,58,"$2,896.24",$49.94,$201.04,$623.23,$824.27,1212
2022-04-14,55,"$3,300.39",$60.01,$186.12,$643.51,$829.63,1129
2022-04-15,66,"$7,819.55",$118.48,$172.39,$670.52,$842.91,1420
2022-04-16,53,"$3,203.37",$60.44,$164.73,$695.40,$860.13,1164
2022-04-17,50,"$2,958.05",$59.16,$157.30,$624.12,$781.42,1104
2022-04-18,80,"$4,637.05",$57.96,$137.23,$621.59,$758.82,1534
2022-04-19,88,"$5,301.25",$60.24,$186.02,$642.40,$828.42,1513
2022-04-20,64,"$3,912.07",$61.13,$184.37,$636.60,$820.97,1431
2022-04-21,69,"$3,880.46",$56.24,$215.70,$714.96,$930.66,1293
2022-04-22,82,"$5,337.15",$65.09,$134.14,$785.33,$919.47,1361
2022-04-23,89,"$5,239.41",$58.87,$201.57,$805.01,"$1,006.58",1228
2022-04-24,55,"$3,534.41",$64.26,$168.96,$714.92,$883.88,1206
2022-04-25,66,"$3,231.04",$48.96,$188.94,$721.38,$910.32,1535
2022-04-26,54,"$3,668.78",$67.94,$184.38,$747.27,$931.65,1303
2022-04-27,73,"$4,758.27",$65.18,$163.33,$748.38,$911.71,1376
2022-04-28,59,"$3,185.52",$53.99,$164.65,$759.23,$923.88,1438
2022-04-29,58,"$3,786.73",$65.29,$181.46,$781.22,$962.68,1593
2022-04-30,58,"$3,641.11",$62.78,$151.61,$799.28,$950.89,1198
2022-05-01,58,"$3,753.16",$64.71,$210.40,$714.05,$924.45,1348
2022-05-02,57,"$2,867.91",$50.31,$173.96,$722.50,$896.46,1376
2022-05-03,92,"$5,530.12",$60.11,$156.38,$743.33,$899.71,1628
2022-05-04,86,"$6,092.87",$70.85,$150.29,$749.24,$899.53,1612
2022-05-05,71,"$4,130.55",$58.18,$121.38,$765.28,$886.66,1490
2022-05-06,85,"$4,554.32",$53.58,$119.59,$775.82,$895.41,1408
2022-05-07,77,"$5,149.45",$66.88,$166.92,$801.47,$968.39,1435
2022-05-08,45,"$3,451.45",$76.70,$307.71,$710.84,"$1,018.55",1225
2022-05-09,57,"$4,598.37",$80.67,$247.28,$721.79,$969.07,1299
2022-05-10,97,"$5,898.52",$60.81,$225.22,$743.47,$968.69,1514
2022-05-11,72,"$4,442.47",$61.70,$197.13,$750.28,$947.41,1454
2022-05-12,78,"$5,050.92",$64.76,$204.06,$765.96,$970.02,1531
2022-05-13,81,"$4,505.22",$55.62,$170.33,$777.88,$948.21,1527
2022-05-14,65,"$4,296.03",$66.09,$202.30,$801.42,"$1,003.72",1476
2022-05-15,57,"$3,244.13",$56.91,$179.28,$714.50,$893.78,1469
2022-05-16,87,"$4,766.86",$54.79,$169.88,$722.40,$892.28,1909
2022-05-17,68,"$3,655.23",$53.75,$149.51,$746.63,$896.14,1509
2022-05-18,138,"$8,699.19",$63.04,$192.83,$748.08,$940.91,2117
2022-05-19,81,"$4,905.94",$60.57,$181.40,$762.12,$943.52,1606
2022-05-20,66,"$3,897.53",$59.05,$165.73,$780.68,$946.41,1422
2022-05-21,75,"$4,343.99",$57.92,$184.22,$797.19,$981.41,1720
2022-05-22,52,"$3,033.32",$58.33,$191.52,$750.60,$942.12,1607
2022-05-23,101,"$5,901.44",$58.43,$185.64,$729.23,$914.87,3033
2022-05-24,79,"$5,368.57",$67.96,$145.15,$650.65,$795.80,1760
2022-05-25,77,"$4,623.57",$60.05,$180.74,$654.91,$835.65,1735
2022-05-26,70,"$4,111.56",$58.74,$193.76,$667.34,$861.10,1514
2022-05-27,62,"$3,520.06",$56.78,$166.42,$680.55,$846.97,1461
2022-05-28,107,"$5,938.93",$55.50,$179.73,$696.54,$876.27,2041
2022-05-29,64,"$3,688.59",$57.63,$165.76,$650.49,$816.25,1598
2022-05-30,149,"$7,802.92",$52.37,$164.82,$660.00,$824.82,2129
2022-05-31,127,"$7,388.55",$58.18,$152.60,$669.25,$821.85,2058
2022-06-01,77,"$6,106.70",$79.31,$164.63,$560.34,$724.97,1698
2022-06-02,71,"$3,611.27",$50.86,$177.33,$570.28,$747.61,1447
2022-06-03,58,"$3,228.80",$55.67,$210.47,$578.43,$788.90,1436
2022-06-04,71,"$4,358.81",$61.39,$203.16,$595.58,$798.74,1257
2022-06-05,62,"$3,703.42",$59.73,$191.20,$529.61,$720.81,1343
2022-06-06,91,"$6,352.23",$69.80,$221.38,$517.05,$738.43,1459
2022-06-07,74,"$4,875.67",$65.89,$202.79,$485.99,$688.78,1581
2022-06-08,77,"$4,563.11",$59.26,$177.47,$473.37,$650.84,1528
2022-06-09,101,"$6,996.36",$69.27,$208.18,$494.20,$702.38,2466
2022-06-10,98,"$6,043.47",$61.67,$224.50,$501.39,$725.89,1802
2022-06-11,84,"$5,013.45",$59.68,$269.76,$517.54,$787.30,1630
2022-06-12,72,"$4,174.14",$57.97,$194.22,$458.58,$652.80,1599
2022-06-13,64,"$4,084.73",$63.82,$198.83,$469.25,$668.08,1560
2022-06-14,81,"$6,170.70",$76.18,$177.97,$477.23,$655.20,1570
2022-06-15,194,"$12,344.41",$63.63,$173.70,$489.21,$662.91,2424
2022-06-16,84,"$4,769.42",$56.78,$131.28,$499.13,$630.41,1777
2022-06-17,70,"$4,046.48",$57.81,$169.85,$492.80,$662.65,1504
2022-06-18,46,"$2,370.28",$51.53,$134.77,$524.81,$659.58,1436
2022-06-19,69,"$3,741.76",$54.23,$158.71,$461.05,$619.76,1540
2022-06-20,70,"$4,345.36",$62.08,$220.80,$588.76,$809.56,1746
2022-06-21,69,"$3,671.64",$53.21,$218.25,$600.84,$819.09,1716
2022-06-22,127,"$8,057.86",$63.45,$209.46,$533.10,$742.56,2221
2022-06-23,112,"$7,015.68",$62.64,$157.83,$529.56,$687.39,1914
2022-06-24,95,"$8,288.14",$87.24,$141.76,$576.80,$718.56,1779
2022-06-25,59,"$3,794.05",$64.31,$144.61,$592.29,$736.90,1456
2022-06-26,59,"$3,322.15",$56.31,$249.99,$567.68,$817.67,1634
2022-06-27,71,"$3,909.64",$55.07,$201.41,$540.19,$741.60,1495
2022-06-28,89,"$4,727.15",$53.11,$197.42,$569.55,$766.97,1897
2022-06-29,80,"$4,828.47",$60.36,$176.94,$577.66,$754.60,1628
2022-06-30,68,"$3,918.50",$57.63,$121.90,$578.75,$700.65,1898
2022-07-01,94,"$5,967.93",$63.49,$121.61,$596.66,$718.27,2264
2022-07-02,62,"$3,470.43",$55.97,$137.60,$619.42,$757.02,1416
2022-07-03,46,"$2,931.57",$63.73,$225.85,$568.93,$794.78,1492
2022-07-04,64,"$3,021.96",$47.22,$175.81,$568.83,$744.64,1550
2022-07-05,89,"$4,744.63",$53.31,$222.16,$567.46,$789.62,2702
2022-07-06,108,"$4,816.88",$44.60,$198.52,$570.95,$769.47,1836
2022-07-07,81,"$3,934.67",$48.58,$156.56,$589.67,$746.23,1904
2022-07-08,93,"$5,499.09",$59.13,$149.76,$599.13,$748.89,1782
2022-07-09,90,"$5,541.75",$61.58,$304.85,$616.29,$921.14,1957
2022-07-10,83,"$5,167.54",$62.26,$195.21,$587.79,$783.00,1715
2022-07-11,76,"$4,190.13",$55.13,$179.06,$512.43,$691.49,1572
2022-07-12,59,"$3,688.51",$62.52,$196.23,$546.05,$742.28,1233
2022-07-13,124,"$8,768.66",$70.72,$199.28,$599.01,$798.29,1995
2022-07-14,75,"$5,258.77",$70.12,$285.42,$564.87,$850.29,1517
2022-07-15,75,"$5,964.61",$79.53,$187.74,$534.71,$722.45,1614
2022-07-16,59,"$3,722.70",$63.10,$199.58,$608.33,$807.91,1403
2022-07-17,54,"$3,262.54",$60.42,$237.26,$588.66,$825.92,1297
2022-07-18,59,"$3,449.66",$58.47,$214.28,$559.18,$773.46,1286
2022-07-19,75,"$4,372.03",$58.29,$154.21,$519.64,$673.85,1372
2022-07-20,83,"$6,656.03",$80.19,$170.07,$520.58,$690.65,1712
2022-07-21,79,"$4,940.55",$62.54,$172.89,$520.75,$693.64,1359
2022-07-22,78,"$4,606.49",$59.06,$189.60,$561.63,$751.23,1527
2022-07-23,77,"$4,411.35",$57.29,$195.42,$610.10,$805.52,1659
2022-07-24,63,"$4,401.76",$69.87,$256.44,$520.12,$776.56,1653
2022-07-25,61,"$3,724.06",$61.05,$177.28,$497.78,$675.06,1413
2022-07-26,71,"$6,171.20",$86.92,$168.20,$512.11,$680.31,1498
2022-07-27,112,"$7,186.98",$64.17,$156.41,$562.45,$718.86,1681
2022-07-28,115,"$6,842.27",$59.50,$205.87,$578.04,$783.91,1863
2022-07-29,90,"$5,711.91",$63.47,$235.08,$576.48,$811.56,1482
2022-07-30,56,"$3,204.69",$57.23,$197.23,$576.31,$773.54,1544
2022-07-31,57,"$3,654.09",$64.11,$182.40,$505.02,$687.42,1750
2022-08-01,102,"$6,065.36",$59.46,$188.19,$497.91,$686.10,1754
2022-08-02,147,"$8,084.19",$54.99,$229.98,$517.04,$747.02,2219
2022-08-03,120,"$6,968.03",$58.07,$227.35,$482.46,$709.81,1713
2022-08-04,92,"$5,506.90",$59.86,$163.65,$483.22,$646.87,1468
2022-08-05,169,"$10,475.88",$61.99,$164.77,$505.63,$670.40,2013
2022-08-06,71,"$3,715.92",$52.34,$231.26,$491.73,$722.99,1243
2022-08-07,56,"$2,910.46",$51.97,$213.15,$474.86,$688.01,1191
2022-08-08,58,"$3,333.35",$57.47,$239.98,$514.95,$754.93,1263
2022-08-09,67,"$3,825.90",$57.10,$190.05,$481.15,$671.20,1349
2022-08-10,108,"$6,186.35",$57.28,$168.28,$480.53,$648.81,1425
2022-08-11,55,"$2,287.58",$41.59,$173.09,$501.56,$674.65,1223
2022-08-12,104,"$5,671.13",$54.53,$219.58,$476.85,$696.43,1544
2022-08-13,67,"$4,247.86",$63.40,$227.00,$504.43,$731.43,1206
2022-08-14,49,"$3,566.75",$72.79,$229.32,$535.60,$764.92,1096
2022-08-15,81,"$5,451.22",$67.30,$186.46,$436.19,$622.65,1428
2022-08-16,69,"$4,313.37",$62.51,$184.71,$480.69,$665.40,1194
2022-08-17,65,"$3,870.52",$59.55,$197.13,$473.07,$670.20,1293
2022-08-18,57,"$3,501.50",$61.43,$217.89,$485.20,$703.09,1082
2022-08-19,59,"$3,300.36",$55.94,$135.17,$493.74,$628.91,1058
2022-08-20,52,"$2,892.64",$55.63,$209.82,$523.00,$732.82,1149
2022-08-21,54,"$3,619.77",$67.03,$235.52,$506.09,$741.61,1091
2022-08-22,63,"$3,441.61",$54.63,$200.83,$487.72,$688.55,1249
2022-08-23,71,"$4,847.76",$68.28,$192.66,$480.05,$672.71,1650
2022-08-24,59,"$4,164.62",$70.59,$263.31,$484.58,$747.89,1383
2022-08-25,49,"$2,077.12",$42.39,$177.32,$473.38,$650.70,1129
2022-08-26,47,"$3,945.21",$83.94,$198.62,$499.91,$698.53,1096
2022-08-27,40,"$2,395.45",$59.89,$242.21,$520.84,$763.05,990
2022-08-28,35,"$2,057.34",$58.78,$217.38,$505.86,$723.24,1018
2022-08-29,41,"$2,025.21",$49.40,$128.99,$549.85,$678.84,1148
2022-08-30,54,"$2,937.20",$54.39,$189.41,$586.70,$776.11,1220
2022-08-31,47,"$2,516.60",$53.54,$368.83,$595.99,$964.82,1570
2022-09-01,42,"$3,100.31",$73.82,$248.23,$481.76,$729.99,1523
2022-09-02,146,"$8,189.44",$56.09,$229.73,$508.12,$737.85,2561
2022-09-03,129,"$7,717.50",$59.83,$298.59,$522.00,$820.59,2308
2022-09-04,109,"$6,012.15",$55.16,$265.43,$503.19,$768.62,2212
2022-09-05,122,"$7,482.27",$61.33,$271.37,$473.25,$744.62,2043
2022-09-06,57,"$3,504.10",$61.48,$269.44,$472.23,$741.67,1799
2022-09-07,96,"$6,270.49",$65.32,$250.87,$480.57,$731.44,2226
2022-09-08,88,"$6,387.61",$72.59,$248.69,$481.75,$730.44,1473
2022-09-09,60,"$3,789.04",$63.15,$224.68,$490.11,$714.79,1690
2022-09-10,54,"$3,823.09",$70.80,$313.71,$570.70,$884.41,1322
2022-09-11,47,"$2,719.14",$57.85,$315.84,$517.85,$833.69,1560
2022-09-12,42,"$2,538.46",$60.44,$198.99,$480.37,$679.36,1303
2022-09-13,34,"$1,887.40",$55.51,$201.70,$485.99,$687.69,1226
2022-09-14,49,"$2,798.69",$57.12,$223.30,$477.88,$701.18,1601
2022-09-15,44,"$2,594.67",$58.97,$195.07,$475.59,$670.66,1003
2022-09-16,31,"$2,029.61",$65.47,$256.07,$495.80,$751.87,921
2022-09-17,33,"$2,256.98",$68.39,$285.69,$571.15,$856.84,989
2022-09-18,28,"$1,709.25",$61.04,$278.53,$551.16,$829.69,1237
2022-09-19,35,"$2,482.23",$70.92,$308.67,$500.45,$809.12,1257
2022-09-20,32,"$1,973.83",$61.68,$303.44,$530.89,$834.33,1077
2022-09-21,53,"$3,806.57",$71.82,$293.68,$501.21,$794.89,1831
2022-09-22,45,"$3,519.02",$78.20,$277.22,$503.31,$780.53,1068
2022-09-23,47,"$4,317.45",$91.86,$169.10,$515.58,$684.68,997
2022-09-24,40,"$2,536.86",$63.42,$163.62,$523.02,$686.64,816
2022-09-25,29,"$1,697.74",$58.54,$161.76,$482.59,$644.35,797
2022-09-26,48,"$2,636.90",$54.94,$154.33,$489.82,$644.15,1024
2022-09-27,44,"$4,040.49",$91.83,$373.71,$490.65,$864.36,1082
2022-09-28,48,"$4,020.77",$83.77,$281.26,$511.59,$792.85,1585
2022-09-29,35,"$2,302.20",$65.78,$230.04,$571.23,$801.27,1086
2022-09-30,40,"$3,288.78",$82.22,$231.62,$591.28,$822.90,979
2022-10-01,30,"$2,350.41",$78.35,$270.32,$620.96,$891.28,917
2022-10-02,27,"$1,496.72",$55.43,$311.01,$606.80,$917.81,3638
2022-10-03,31,"$2,083.63",$67.21,$262.72,$576.38,$839.10,1132
2022-10-04,22,"$1,305.48",$59.34,$199.08,$566.97,$766.05,887
2022-10-05,33,"$1,994.48",$60.44,$195.13,$570.93,$766.06,979
2022-10-06,25,"$1,893.80",$75.75,$160.54,$554.82,$715.36,991
2022-10-07,29,"$1,592.70",$54.92,$248.13,$588.17,$836.30,1079
2022-10-08,24,"$1,481.24",$61.72,$298.04,$617.00,$915.04,1061
2022-10-09,28,"$1,560.63",$55.74,$272.52,$600.00,$872.52,1053
2022-10-10,141,"$7,587.86",$53.81,$291.63,$575.15,$866.78,1760
2022-10-11,70,"$4,786.19",$68.37,$179.54,$572.11,$751.65,1534
2022-10-12,35,"$2,052.38",$58.64,$224.10,$559.63,$783.73,1273
2022-10-13,47,"$2,842.61",$60.48,$387.35,$566.48,$953.83,1208
2022-10-14,36,"$2,246.46",$62.40,$258.39,$590.04,$848.43,3973
2022-10-15,38,"$2,740.21",$72.11,$237.62,$618.21,$855.83,3834
2022-10-16,23,"$1,753.15",$76.22,$225.71,$608.58,$834.29,896
2022-10-17,24,"$1,302.07",$54.25,$248.36,$573.14,$821.50,1047
2022-10-18,33,"$1,854.88",$56.21,$208.86,$564.53,$773.39,1037
2022-10-19,61,"$4,413.00",$72.34,$181.88,$570.70,$752.58,1262
2022-10-20,43,"$2,756.89",$64.11,$279.53,$579.91,$859.44,1234
2022-10-21,44,"$3,495.68",$79.45,$312.60,$577.91,$890.51,3427
2022-10-22,27,"$1,935.10",$71.67,$293.98,$606.87,$900.85,3327
2022-10-23,30,"$1,986.43",$66.21,$270.21,$608.25,$878.46,3278
2022-10-24,26,"$1,850.20",$71.16,$271.45,$551.65,$823.10,3284
2022-10-25,24,"$1,596.55",$66.52,$350.37,$561.84,$912.21,1721
2022-10-26,33,"$1,764.91",$53.48,$241.78,$564.30,$806.08,2904
2022-10-27,22,"$1,385.56",$62.98,$277.85,$584.58,$862.43,1057
2022-10-28,29,"$2,056.33",$70.91,$209.43,$593.38,$802.81,846
2022-10-29,22,"$1,478.59",$67.21,$266.43,$617.62,$884.05,923
2022-10-30,15,$942.70,$62.85,$250.12,$599.78,$849.90,846
2022-10-31,53,"$2,904.30",$54.80,$172.42,$567.39,$739.81,1176
2022-11-01,50,"$3,803.14",$76.06,$319.04,$573.01,$892.05,1213
2022-11-02,33,"$2,285.55",$69.26,$289.07,$580.44,$869.51,1435
2022-11-03,33,"$2,018.52",$61.17,$293.12,$604.97,$898.09,983
2022-11-04,22,"$1,483.80",$67.45,$296.14,$581.97,$878.11,1563
2022-11-05,18,"$1,222.98",$67.94,$335.60,$626.25,$961.85,880
2022-11-06,23,"$1,292.36",$56.19,$318.20,$596.65,$914.85,1208
2022-11-07,42,"$1,875.06",$44.64,$258.76,$518.81,$777.57,1098
2022-11-08,41,"$2,241.00",$54.66,$299.92,$526.90,$826.82,1025
2022-11-09,68,"$4,241.03",$62.37,$247.34,$539.43,$786.77,1337
2022-11-10,58,"$3,708.57",$63.94,$226.44,$585.30,$811.74,1281
2022-11-11,101,"$3,632.77",$35.97,$324.96,$598.85,$923.81,1511
2022-11-12,63,"$3,851.95",$61.14,$316.09,$578.02,$894.11,1455
2022-11-13,54,"$3,039.68",$56.29,$250.66,$530.62,$781.28,1898
2022-11-14,43,"$2,675.06",$62.21,$267.46,$518.89,$786.35,1401
2022-11-15,44,"$2,869.57",$65.22,$279.50,$507.14,$786.64,1378
2022-11-16,69,"$3,717.54",$53.88,$301.56,$500.26,$801.82,1475
2022-11-17,48,"$2,189.12",$45.61,$316.70,$513.48,$830.18,1533
2022-11-18,44,"$2,991.22",$67.98,$270.59,$502.79,$773.38,2797
2022-11-19,68,"$3,973.46",$58.43,$262.48,$536.37,$798.85,2564
2022-11-20,58,"$3,652.30",$62.97,$245.28,$496.33,$741.61,1692
2022-11-21,111,"$9,942.88",$89.58,$247.22,$488.36,$735.58,2678
2022-11-22,143,"$8,268.95",$57.82,$303.23,$485.99,$789.22,2900
2022-11-23,134,"$7,698.07",$57.45,$234.54,$484.89,$719.43,8316
2022-11-24,116,"$7,064.28",$60.90,$207.46,$491.38,$698.84,2217
2022-11-25,192,"$11,018.85",$57.39,$325.20,$478.06,$803.26,2296
2022-11-26,150,"$8,673.76",$57.83,$329.23,$533.69,$862.92,2230
2022-11-27,131,"$7,381.83",$56.35,$322.01,$490.35,$812.36,2199
2022-11-28,184,"$9,242.73",$50.23,$328.58,$490.84,$819.42,2503
2022-11-29,126,"$7,130.86",$56.59,$267.33,$491.63,$758.96,2788
2022-11-30,67,"$3,612.86",$53.92,$165.53,$480.19,$645.72,1987
2022-12-01,47,"$3,150.00",$67.02,$231.79,$496.63,$728.42,1077
2022-12-02,34,"$3,383.77",$99.52,$261.94,$522.83,$784.77,1123
2022-12-03,37,"$1,887.01",$51.00,$340.99,$578.89,$919.88,1012
2022-12-04,21,"$1,136.54",$54.12,$315.59,$499.95,$815.54,779
2022-12-05,56,"$3,114.96",$55.62,$264.31,$486.70,$751.01,1904
2022-12-06,53,"$2,643.26",$49.87,$318.54,$486.36,$804.90,1585
2022-12-07,66,"$3,026.09",$45.85,$283.25,$485.51,$768.76,1623
2022-12-08,36,"$1,470.36",$40.84,$284.22,$498.40,$782.62,1378
2022-12-09,56,"$2,753.55",$49.17,$310.50,$521.85,$832.35,1577
2022-12-10,54,"$3,430.13",$63.52,$300.30,$586.93,$887.23,1585
2022-12-11,58,"$3,118.27",$53.76,$286.95,$539.31,$826.26,1520
2022-12-12,35,"$1,468.55",$41.96,$235.38,$504.18,$739.56,1112
2022-12-13,29,"$1,444.35",$49.81,$262.39,$479.94,$742.33,1020
2022-12-14,52,"$2,489.97",$47.88,$331.30,$492.43,$823.73,1335
2022-12-15,40,"$2,252.41",$56.31,$308.08,$501.64,$809.72,932
2022-12-16,32,"$1,433.90",$44.81,$228.11,$527.70,$755.81,879
2022-12-17,32,"$1,740.66",$54.40,$275.68,$538.20,$813.88,1293
2022-12-18,17,"$1,127.52",$66.32,$342.45,$510.32,$852.77,804
2022-12-19,31,"$1,552.21",$50.07,$292.29,$481.85,$774.14,998
2022-12-20,24,"$1,169.42",$48.73,$275.16,$484.04,$759.20,815
2022-12-21,12,$494.54,$41.21,$245.60,$505.01,$750.61,728
2022-12-22,22,"$1,022.93",$46.50,$259.53,$539.81,$799.34,745
2022-12-23,18,"$1,260.42",$70.02,$231.12,$553.25,$784.37,756
2022-12-24,16,$803.73,$50.23,$193.00,$575.83,$768.83,1236
2022-12-25,20,"$1,058.67",$52.93,$247.62,$543.91,$791.53,950
2022-12-26,29,"$1,553.30",$53.56,$332.87,$547.42,$880.29,912
2022-12-27,40,"$2,175.87",$54.40,$244.17,$542.62,$786.79,793
2022-12-28,37,"$2,147.87",$58.05,$202.74,$567.87,$770.61,882
2022-12-29,31,"$1,762.84",$56.87,$237.63,$608.62,$846.25,735
2022-12-30,30,"$1,667.81",$55.59,$294.41,$667.83,$962.24,870
2022-12-31,28,"$1,939.29",$69.26,$211.27,$634.87,$846.14,1455
2023-01-01,47,"$3,122.51",$66.44,$337.29,$552.50,$889.79,1196
2023-01-02,43,"$2,819.46",$65.57,$274.94,$541.86,$816.80,1416
2023-01-03,31,"$1,558.02",$50.26,$233.38,$536.15,$769.53,1055
2023-01-04,41,"$2,553.88",$62.29,$296.10,$550.82,$846.92,1091
2023-01-05,29,"$1,419.46",$48.95,$311.19,$537.25,$848.44,753
2023-01-06,35,"$1,713.38",$48.95,$286.73,$562.48,$849.21,1026
2023-01-07,34,"$2,024.09",$59.53,$301.38,$573.81,$875.19,959
2023-01-08,52,"$3,275.22",$62.99,$252.37,$547.52,$799.89,1040
2023-01-09,27,"$1,235.65",$45.76,$203.93,$530.16,$734.09,842
2023-01-10,45,"$2,933.32",$65.18,$223.16,$535.01,$758.17,1175
2023-01-11,37,"$1,995.55",$53.93,$312.86,$534.21,$847.07,1055
2023-01-12,41,"$3,573.02",$87.15,$338.89,$544.46,$883.35,1068
2023-01-13,38,"$1,975.78",$51.99,$334.66,$544.37,$879.03,971
2023-01-14,26,"$1,132.55",$43.56,$282.94,$565.15,$848.09,767
2023-01-15,19,"$1,093.05",$57.53,$260.20,$507.91,$768.11,665
2023-01-16,67,"$3,548.25",$52.96,$252.67,$516.58,$769.25,1423
2023-01-17,22,$982.22,$44.65,$256.48,$518.94,$775.42,1029
2023-01-18,30,"$1,327.06",$44.24,$240.43,$507.83,$748.26,1085
2023-01-19,32,"$1,754.54",$54.83,$280.80,$501.90,$782.70,879
2023-01-20,35,"$2,264.82",$64.71,$268.66,$519.17,$787.83,1078
2023-01-21,33,"$2,104.66",$63.78,$226.36,$545.04,$771.40,1089
2023-01-22,27,"$1,492.46",$55.28,$270.03,$490.74,$760.77,810
2023-01-23,58,"$3,299.38",$56.89,$329.06,$517.77,$846.83,1696
2023-01-24,39,"$2,312.14",$59.29,$260.53,$500.09,$760.62,1174
2023-01-25,36,"$2,571.80",$71.44,$298.97,$506.40,$805.37,1486
2023-01-26,30,"$1,537.68",$51.26,$246.50,$470.87,$717.37,1169
2023-01-27,47,"$2,921.09",$62.15,$253.66,$522.23,$775.89,1320
2023-01-28,34,"$1,880.75",$55.32,$238.41,$547.00,$785.41,1429
2023-01-29,32,"$1,903.34",$59.48,$347.27,$502.78,$850.05,993
2023-01-30,37,"$1,378.09",$37.25,$168.57,$493.04,$661.61,922
2023-01-31,44,"$2,879.30",$65.44,$221.05,$620.61,$841.66,996
2023-02-01,33,"$2,244.91",$68.03,$202.39,"$1,196.81","$1,399.20",1221
2023-02-02,33,"$2,039.58",$61.81,$281.79,"$2,178.54","$2,460.33",887
2023-02-03,29,"$1,892.39",$65.25,$271.37,"$2,152.75","$2,424.12",984
2023-02-04,34,"$1,863.99",$54.82,$438.30,"$2,275.51","$2,713.81",942
2023-02-05,34,"$1,949.80",$57.35,$394.72,"$2,048.47","$2,443.19",834
2023-02-06,30,"$1,557.35",$51.91,$299.25,"$1,979.47","$2,278.72",857
2023-02-07,39,"$2,414.70",$61.92,$364.13,"$1,961.92","$2,326.05",886
2023-02-08,37,"$2,423.93",$65.51,$278.68,"$1,937.69","$2,216.37",1081
2023-02-09,50,"$2,682.35",$53.65,$388.53,"$1,952.69","$2,341.22",1156
2023-02-10,57,"$3,158.30",$55.41,$275.81,"$1,486.33","$1,762.14",1197
2023-02-11,35,"$2,242.77",$64.08,$252.52,"$1,197.16","$1,449.68",940
2023-02-12,44,"$2,269.59",$51.58,$276.04,"$1,164.06","$1,440.10",1133
2023-02-13,31,"$1,501.18",$48.43,$264.79,"$1,126.06","$1,390.85",929
2023-02-14,164,"$9,647.82",$58.83,$242.30,"$1,127.54","$1,369.84",2007
2023-02-15,105,"$5,977.47",$56.93,$319.33,$976.32,"$1,295.65",1740
2023-02-16,33,"$1,839.22",$55.73,$280.16,$952.53,"$1,232.69",1075
2023-02-17,47,"$2,818.40",$59.97,$320.54,$982.97,"$1,303.51",1190
2023-02-18,39,"$2,687.68",$68.91,$399.58,$939.24,"$1,338.82",974
2023-02-19,42,"$2,399.13",$57.12,$360.14,$927.37,"$1,287.51",1028
2023-02-20,96,"$5,232.80",$54.51,$307.01,$851.59,"$1,158.60",1519
2023-02-21,34,"$2,228.11",$65.53,$289.59,$850.51,"$1,140.10",1461
2023-02-22,44,"$2,997.48",$68.12,$248.93,$812.60,"$1,061.53",1102
2023-02-23,48,"$2,717.54",$56.62,$302.77,$861.31,"$1,164.08",935
2023-02-24,33,"$1,453.28",$44.04,$265.39,$909.89,"$1,175.28",1192
2023-02-25,70,"$4,040.77",$57.73,$266.29,$435.04,$701.33,1370
2023-02-26,66,"$3,822.96",$57.92,$252.09,$358.62,$610.71,1091
2023-02-27,50,"$2,620.10",$52.40,$277.23,$349.84,$627.07,1134
2023-02-28,81,"$4,780.69",$59.02,$305.46,$361.68,$667.14,1851
2023-03-01,60,"$3,610.46",$60.17,$342.09,$395.85,$737.94,1683
2023-03-02,50,"$2,891.80",$57.84,$304.25,$396.41,$700.66,1556
2023-03-03,49,"$4,417.19",$90.15,$278.07,$379.77,$657.84,1402
2023-03-04,69,"$3,915.29",$56.74,$248.23,$399.63,$647.86,1602
2023-03-05,44,"$2,517.44",$57.21,$281.85,$354.34,$636.19,1313
2023-03-06,45,"$2,495.28",$55.45,$187.93,$343.68,$531.61,1453
2023-03-07,45,"$2,250.25",$50.01,$314.15,$335.46,$649.61,1222
2023-03-08,78,"$4,357.40",$55.86,$272.95,$342.15,$615.10,1390
2023-03-09,59,"$3,957.43",$67.08,$278.72,$353.37,$632.09,1367
2023-03-10,77,"$4,337.15",$56.33,$253.62,$370.23,$623.85,1490
2023-03-11,65,"$3,345.38",$51.47,$368.67,$391.93,$760.60,1357
2023-03-12,40,"$2,126.68",$53.17,$314.80,$364.39,$679.19,1294
2023-03-13,61,"$3,519.75",$57.70,$283.79,$351.40,$635.19,1122
2023-03-14,53,"$2,919.76",$55.09,$253.64,$347.28,$600.92,1179
2023-03-15,64,"$4,098.88",$64.05,$205.89,$347.48,$553.37,1554
2023-03-16,65,"$3,901.43",$60.02,$259.89,$360.50,$620.39,1255
2023-03-17,113,"$6,256.81",$55.37,$385.45,$365.00,$750.45,1620
2023-03-18,50,"$3,009.88",$60.20,$386.97,$393.56,$780.53,1168
2023-03-19,70,"$3,881.64",$55.45,$350.53,$351.01,$701.54,1337
2023-03-20,57,"$2,613.06",$45.84,$315.29,$346.62,$661.91,1224
2023-03-21,46,"$2,352.37",$51.14,$271.22,$356.73,$627.95,1173
2023-03-22,88,"$4,181.18",$47.51,$283.15,$360.37,$643.52,1442
2023-03-23,180,"$11,599.58",$64.44,$495.99,$365.96,$861.95,3999
2023-03-24,88,"$4,475.15",$50.85,$273.31,$384.29,$657.60,1961
2023-03-25,64,"$3,447.65",$53.87,$273.80,$388.47,$662.27,1445
2023-03-26,49,"$2,540.85",$51.85,$272.07,$372.39,$644.46,1151
2023-03-27,134,"$7,691.70",$57.40,$268.06,$348.26,$616.32,2480
2023-03-28,89,"$5,271.78",$59.23,$468.10,$398.43,$866.53,2414
2023-03-29,133,"$8,222.97",$61.83,$404.63,$445.94,$850.57,1970
2023-03-30,90,"$5,041.69",$56.02,$292.08,$409.51,$701.59,1332
2023-03-31,70,"$4,202.01",$60.03,$189.67,$505.81,$695.48,1328
2023-04-01,69,"$3,813.24",$55.26,$323.07,$586.23,$909.30,1550
2023-04-02,65,"$3,318.29",$51.05,$355.57,$529.94,$885.51,1278
2023-04-03,59,"$2,671.40",$45.28,$331.29,$471.13,$802.42,1266
2023-04-04,45,"$2,035.35",$45.23,$334.01,$480.36,$814.37,1213
2023-04-05,97,"$5,540.09",$57.11,$331.37,$536.08,$867.45,1933
2023-04-06,62,"$3,846.99",$62.05,$365.08,$505.86,$870.94,1303
2023-04-07,50,"$2,879.22",$57.58,$357.82,$556.58,$914.40,1368
2023-04-08,60,"$3,291.17",$54.85,$349.42,$533.27,$882.69,1139
2023-04-09,51,"$2,998.45",$58.79,$327.84,$626.08,$953.92,1270
2023-04-10,103,"$4,749.05",$46.11,$338.22,$584.34,$922.56,1594
2023-04-11,65,"$3,345.71",$51.47,$295.78,$167.59,$463.37,1857
2023-04-12,73,"$3,473.39",$47.58,$345.23,$518.00,$863.23,2719
2023-04-13,66,"$4,833.31",$73.23,$369.51,$567.23,$936.74,2711
2023-04-14,95,"$4,901.00",$51.59,$404.32,$722.27,"$1,126.59",2885
2023-04-15,129,"$7,760.57",$60.16,$342.16,$796.49,"$1,138.65",3343
2023-04-16,82,"$5,614.83",$68.47,$294.57,$729.29,"$1,023.86",2296
2023-04-17,60,"$2,910.78",$48.51,$259.00,$694.38,$953.38,1711
2023-04-18,67,"$2,955.43",$44.11,$261.39,$693.97,$955.36,1547
2023-04-19,56,"$3,092.56",$55.22,$435.16,$681.19,"$1,116.35",1317
2023-04-20,50,"$2,355.92",$47.12,$376.04,$760.81,"$1,136.85",1268
2023-04-21,40,"$2,409.49",$60.24,$365.73,$911.68,"$1,277.41",1134
2023-04-22,65,"$4,196.70",$64.56,$328.81,$905.90,"$1,234.71",1171
2023-04-23,45,"$2,597.13",$57.71,$377.22,$760.32,"$1,137.54",1528
2023-04-24,67,"$3,554.75",$53.06,$272.92,$924.79,"$1,197.71",2274
2023-04-25,54,"$3,161.45",$58.55,$287.06,$970.40,"$1,257.46",1266
2023-04-26,83,"$4,281.20",$51.58,$245.63,$956.42,"$1,202.05",1307
2023-04-27,66,"$3,881.16",$58.81,$267.88,"$1,000.03","$1,267.91",1408
2023-04-28,84,"$5,423.99",$64.57,$387.55,"$1,419.29","$1,806.84",1229
2023-04-29,72,"$3,980.91",$55.29,$372.95,"$1,455.11","$1,828.06",1408
2023-04-30,56,"$2,902.73",$51.83,$242.78,"$1,439.95","$1,682.73",1076
2023-05-01,83,"$4,721.80",$56.89,$285.18,"$1,284.67","$1,569.85",1851
2023-05-02,84,"$4,590.47",$54.65,$337.05,$544.47,$881.52,1353
2023-05-03,124,"$7,003.40",$56.48,$433.68,$501.51,$935.19,1953
2023-05-04,84,"$4,513.61",$53.73,$434.25,$522.34,$956.59,1543
2023-05-05,85,"$6,280.29",$73.89,$252.49,$532.83,$785.32,1366
2023-05-06,71,"$4,246.91",$59.82,$275.06,$568.32,$843.38,1234
2023-05-07,69,"$3,897.28",$56.48,$355.98,$546.35,$902.33,1370
2023-05-08,77,"$4,282.85",$55.62,$393.74,$536.94,$930.68,2046
2023-05-09,62,"$3,854.20",$62.16,$326.05,$526.74,$852.79,1276
2023-05-10,115,"$6,230.12",$54.17,$336.27,$540.59,$876.86,3402
2023-05-11,79,"$4,185.51",$52.98,$285.28,$559.93,$845.21,1440
2023-05-12,65,"$4,385.29",$67.47,$331.37,$563.26,$894.63,1579
2023-05-13,57,"$2,981.23",$52.30,$346.86,$633.78,$980.64,3295
2023-05-14,65,"$3,870.12",$59.54,$323.07,$624.33,$947.40,1418
2023-05-15,55,"$3,076.39",$55.93,$240.68,$580.75,$821.43,1376
2023-05-16,71,"$7,005.81",$98.67,$364.29,$555.54,$919.83,1351
2023-05-17,74,"$4,488.86",$60.66,$288.24,$602.98,$891.22,2528
2023-05-18,63,"$3,412.42",$54.17,$301.02,$671.48,$972.50,1361
2023-05-19,58,"$3,876.88",$66.84,$336.36,$663.89,"$1,000.25",1430
2023-05-20,75,"$4,285.06",$57.13,$302.34,$687.92,$990.26,1661
2023-05-21,57,"$3,547.59",$62.24,$231.88,$690.18,$922.06,1197
2023-05-22,70,"$3,896.21",$55.66,$248.21,$590.27,$838.48,1666
2023-05-23,67,"$3,552.59",$53.02,$412.83,$797.44,"$1,210.27",2139
2023-05-24,87,"$5,220.94",$60.01,$416.81,$770.35,"$1,187.16",2359
2023-05-25,80,"$3,769.74",$47.12,$393.53,$699.00,"$1,092.53",1648
2023-05-26,97,"$5,276.45",$54.40,$264.68,$667.71,$932.39,10882
2023-05-27,64,"$3,322.64",$51.92,$279.02,$679.14,$958.16,1320
2023-05-28,43,"$2,642.18",$61.45,$272.00,$639.12,$911.12,1081
2023-05-29,149,"$9,891.58",$66.39,$357.40,$780.57,"$1,137.97",6575
2023-05-30,70,"$4,094.36",$58.49,$304.56,$757.69,"$1,062.25",2747
2023-05-31,77,"$4,918.46",$63.88,$212.65,$749.46,$962.11,1723
2023-06-01,66,"$3,818.94",$57.86,$322.45,$788.87,"$1,111.32",1884
2023-06-02,69,"$5,354.20",$77.60,$296.83,$817.95,"$1,114.78",1429
2023-06-03,66,"$5,224.66",$79.16,$414.57,$673.84,"$1,088.41",1709
2023-06-04,55,"$4,005.44",$72.83,$410.81,$632.87,"$1,043.68",1140
2023-06-05,155,"$8,753.23",$56.47,$327.12,$610.92,$938.04,2917
2023-06-06,100,"$5,749.67",$57.50,$398.00,$638.05,"$1,036.05",1544
2023-06-07,97,"$5,437.79",$56.06,$387.31,$631.90,"$1,019.21",8388
2023-06-08,79,"$4,829.96",$61.14,$234.41,$645.05,$879.46,9978
2023-06-09,66,"$4,018.97",$60.89,$313.80,$698.71,"$1,012.51",1512
2023-06-10,82,"$5,171.01",$63.06,$225.87,$732.06,$957.93,4079
2023-06-11,53,"$3,419.48",$64.52,$340.11,$753.45,"$1,093.56",1348
2023-06-12,71,"$4,237.53",$59.68,$386.04,$721.32,"$1,107.36",1548
2023-06-13,66,"$4,230.50",$64.10,$334.26,$535.31,$869.57,1779
2023-06-14,70,"$4,134.21",$59.06,$318.85,$535.02,$853.87,2213
2023-06-15,69,"$5,764.28",$83.54,$267.51,$546.30,$813.81,1752
2023-06-16,40,"$2,428.02",$60.70,$403.86,$555.69,$959.55,1556
2023-06-17,59,"$3,143.38",$53.28,$358.78,$549.40,$908.18,1342
2023-06-18,56,"$3,399.42",$60.70,$363.89,$544.74,$908.63,1180
2023-06-19,71,"$3,626.63",$51.08,$351.48,$518.32,$869.80,2515
2023-06-20,56,"$3,164.64",$56.51,$304.26,$492.41,$796.67,1495
2023-06-21,102,"$5,933.88",$58.18,$297.09,$568.53,$865.62,2075
2023-06-22,79,"$4,160.37",$52.66,$212.51,$440.71,$653.22,1974
2023-06-23,86,"$5,828.26",$67.77,$222.86,$511.10,$733.96,1425
2023-06-24,52,"$2,883.12",$55.44,$478.05,$551.97,"$1,030.02",1451
2023-06-25,58,"$3,360.76",$57.94,$406.93,$616.60,"$1,023.53",1813
2023-06-26,75,"$5,036.21",$67.15,$376.05,$589.01,$965.06,2727
2023-06-27,69,"$4,448.06",$64.46,$298.88,$452.95,$751.83,1743
2023-06-28,94,"$5,256.25",$55.92,$305.32,$506.36,$811.68,2966
2023-06-29,61,"$3,160.31",$51.81,$337.28,$578.51,$915.79,1520
2023-06-30,55,"$3,582.77",$65.14,$226.77,$579.67,$806.44,1346
2023-07-01,51,"$3,008.84",$59.00,$304.35,$609.24,$913.59,1277
2023-07-02,43,"$2,406.17",$55.96,$292.01,$586.49,$878.50,1118
2023-07-03,45,"$2,725.19",$60.56,$304.98,$556.85,$861.83,1064
2023-07-04,115,"$6,435.78",$55.96,$280.80,$551.07,$831.87,1968
2023-07-05,66,"$5,170.55",$78.34,$270.02,$544.68,$814.70,1961
2023-07-06,68,"$3,747.69",$55.11,$285.02,$562.33,$847.35,2014
2023-07-07,54,"$3,223.51",$59.69,$314.76,$577.18,$891.94,1419
2023-07-08,54,"$3,583.09",$66.35,$359.86,$616.11,$975.97,1437
2023-07-09,38,"$2,642.60",$69.54,$380.71,$565.17,$945.88,1773
2023-07-10,107,"$6,697.55",$62.59,$322.03,$557.00,$879.03,2003
2023-07-11,58,"$3,922.14",$67.62,$285.90,$516.08,$801.98,1288
2023-07-12,81,"$5,125.67",$63.28,$290.37,$493.62,$783.99,1347
2023-07-13,81,"$4,603.61",$56.83,$211.80,$524.50,$736.30,1411
2023-07-14,49,"$2,973.72",$60.69,$302.50,$685.15,$987.65,1319
2023-07-15,57,"$3,601.56",$63.19,$316.25,$669.96,$986.21,1322
2023-07-16,51,"$3,669.95",$71.96,$286.52,$669.55,$956.07,1136
2023-07-17,59,"$4,183.14",$70.90,$276.06,$620.76,$896.82,1987
2023-07-18,52,"$3,155.12",$60.68,$216.23,$667.51,$883.74,1613
2023-07-19,55,"$5,616.32",$102.11,$266.59,$690.60,$957.19,1407
2023-07-20,48,"$2,930.23",$61.05,$270.80,$711.67,$982.47,1311
2023-07-21,46,"$3,079.92",$66.95,$272.52,$772.59,"$1,045.11",1351
2023-07-22,54,"$2,940.75",$54.46,$316.11,$607.41,$923.52,1441
2023-07-23,45,"$2,945.47",$65.45,$289.56,$599.85,$889.41,1495
2023-07-24,48,"$2,718.24",$56.63,$273.57,$565.14,$838.71,1264
2023-07-25,84,"$4,940.15",$58.81,$255.97,$571.58,$827.55,2614
2023-07-26,46,"$2,278.20",$49.53,$286.74,$551.06,$837.80,1706
2023-07-27,99,"$6,827.90",$68.97,$217.68,$350.61,$568.29,1705
2023-07-28,90,"$5,846.51",$64.96,$245.76,$369.33,$615.09,1742
2023-07-29,80,"$4,803.24",$60.04,$331.61,$379.73,$711.34,1541
2023-07-30,59,"$3,444.14",$58.38,$288.91,$368.70,$657.61,1481
2023-07-31,165,"$8,855.09",$53.67,$281.66,$355.25,$636.91,2174
2023-08-01,97,"$5,167.05",$53.27,$283.21,$349.15,$632.36,1878
2023-08-02,60,"$2,770.71",$46.18,$407.46,$346.51,$753.97,1548
2023-08-03,53,"$2,987.95",$56.38,$412.28,$348.83,$761.11,1616
2023-08-04,102,"$5,494.76",$53.87,$336.53,$368.09,$704.62,1865
2023-08-05,161,"$9,170.41",$56.96,$331.17,$382.62,$713.79,2204
2023-08-06,149,"$7,631.53",$51.22,$286.20,$368.03,$654.23,2008
2023-08-07,53,"$2,685.15",$50.66,$296.14,$351.61,$647.75,2031
2023-08-08,45,"$2,584.80",$57.44,$277.35,$341.01,$618.36,1580
2023-08-09,87,"$5,479.14",$62.98,$296.55,$345.44,$641.99,2473
2023-08-10,82,"$4,764.40",$58.10,$220.54,$362.93,$583.47,1722
2023-08-11,45,"$2,864.80",$63.66,$286.67,$366.32,$652.99,1537
2023-08-12,58,"$4,086.51",$70.46,$382.26,$384.59,$766.85,1550
2023-08-13,55,"$3,228.46",$58.70,$274.75,$370.30,$645.05,1528
2023-08-14,52,"$3,282.38",$63.12,$329.51,$343.63,$673.14,1791
2023-08-15,44,"$2,356.41",$53.55,$225.45,$337.37,$562.82,1526
2023-08-16,87,"$5,287.57",$60.78,$260.16,$352.34,$612.50,2403
2023-08-17,71,"$4,127.21",$58.13,$288.53,$353.00,$641.53,1772
2023-08-18,49,"$3,288.22",$67.11,$446.92,$371.33,$818.25,1835
2023-08-19,58,"$3,671.05",$63.29,$568.40,$353.65,$922.05,1613
2023-08-20,64,"$3,994.96",$62.42,$538.27,$338.04,$876.31,1573
2023-08-21,60,"$4,093.64",$68.23,$399.67,$329.39,$729.06,1658
2023-08-22,43,"$2,137.31",$49.70,$398.27,$314.99,$713.26,1716
2023-08-23,56,"$2,853.90",$50.96,$309.45,$320.35,$629.80,2069
2023-08-24,68,"$4,178.90",$61.45,$530.87,$330.41,$861.28,1861
2023-08-25,40,"$2,184.37",$54.61,$384.99,$336.48,$721.47,1773
2023-08-26,39,"$2,117.05",$54.28,$310.43,$378.41,$688.84,1538
2023-08-27,51,"$3,051.14",$59.83,$371.12,$470.86,$841.98,1412
2023-08-28,43,"$2,582.78",$60.06,$304.30,$435.37,$739.67,1441
2023-08-29,45,"$2,756.35",$61.25,$297.17,$438.99,$736.16,1447
2023-08-30,65,"$3,869.35",$59.53,$327.98,$438.23,$766.21,2022
2023-08-31,48,"$2,966.92",$61.81,$323.13,$401.84,$724.97,1575
2023-09-01,47,"$2,695.33",$57.35,$278.12,$320.84,$598.96,1407
2023-09-02,50,"$2,811.78",$56.24,$314.61,$322.67,$637.28,1391
2023-09-03,38,"$2,276.60",$59.91,$464.84,$316.26,$781.10,1599
2023-09-04,156,"$7,687.45",$49.28,$473.56,$301.99,$775.55,2287
2023-09-05,39,$943.04,$24.18,$316.00,$295.97,$611.97,1450
2023-09-06,61,"$3,475.99",$56.98,$363.84,$305.87,$669.71,1846
2023-09-07,40,"$2,458.27",$61.46,$314.36,$309.51,$623.87,1514
2023-09-08,59,"$3,805.41",$64.50,$376.21,$313.93,$690.14,1661
2023-09-09,51,"$3,163.70",$62.03,$349.31,$325.01,$674.32,1318
2023-09-10,56,"$2,830.43",$50.54,$305.87,$303.34,$609.21,1286
2023-09-11,104,"$5,669.76",$54.52,$275.08,$295.88,$570.96,2803
2023-09-12,69,"$4,099.52",$59.41,$266.89,$296.03,$562.92,1836
2023-09-13,55,"$3,037.05",$55.22,$263.95,$296.65,$560.60,1895
2023-09-14,60,"$3,939.21",$65.65,$256.63,$296.91,$553.54,1928
2023-09-15,91,"$6,291.05",$69.13,$245.85,$309.09,$554.94,1883
2023-09-16,51,"$2,778.83",$54.49,$239.98,$317.46,$557.44,1286
2023-09-17,37,"$2,664.93",$72.03,$299.72,$313.83,$613.55,1230
2023-09-18,48,"$2,386.02",$49.71,$294.64,$302.08,$596.72,1617
2023-09-19,44,"$2,582.55",$58.69,$307.71,$299.61,$607.32,1267
2023-09-20,52,"$3,619.32",$69.60,$228.46,$299.14,$527.60,1409
2023-09-21,38,"$1,926.86",$50.71,$194.30,$269.20,$463.50,1157
2023-09-22,69,"$3,749.21",$54.34,$215.36,$302.62,$517.98,1438
2023-09-23,38,"$3,113.40",$81.93,$213.19,$311.81,$525.00,1138
2023-09-24,25,"$1,253.41",$50.14,$271.32,$306.43,$577.75,1108
2023-09-25,45,"$2,528.43",$56.19,$185.62,$301.14,$486.76,1261
2023-09-26,50,"$3,169.14",$63.38,$250.12,$290.96,$541.08,1300
2023-09-27,86,"$5,831.49",$67.81,$346.72,$284.10,$630.82,1666
2023-09-28,68,"$4,152.32",$61.06,$276.73,$285.75,$562.48,1497
2023-09-29,42,"$2,419.42",$57.61,$407.43,$287.74,$695.17,1393
2023-09-30,25,"$1,350.46",$54.02,$411.08,$298.68,$709.76,1004
2023-10-01,36,"$2,169.66",$60.27,$338.52,$308.74,$647.26,1291
2023-10-02,91,"$3,869.95",$42.53,$419.34,$293.70,$713.04,1860
2023-10-03,78,"$3,425.49",$43.92,$336.04,$299.75,$635.79,1640
2023-10-04,87,"$4,064.17",$46.71,$364.48,$316.93,$681.41,1391
2023-10-05,62,"$2,884.00",$46.52,$334.42,$320.31,$654.73,1638
2023-10-06,59,"$3,717.75",$63.01,$440.62,$294.16,$734.78,1368
2023-10-07,39,"$2,028.19",$52.00,$251.61,$298.56,$550.17,1215
2023-10-08,51,"$2,603.33",$51.05,$277.85,$305.39,$583.24,1142
2023-10-09,147,"$7,923.30",$53.90,$212.02,$294.34,$506.36,1656
2023-10-10,57,"$3,115.17",$54.65,$190.76,$291.28,$482.04,1239
2023-10-11,32,"$1,792.34",$56.01,$259.35,$286.08,$545.43,2038
2023-10-12,39,"$2,593.00",$66.49,$206.47,$282.06,$488.53,1319
2023-10-13,29,"$1,951.49",$67.29,$193.82,$300.02,$493.84,1177
2023-10-14,37,"$2,792.12",$75.46,$250.54,$292.67,$543.21,1255
2023-10-15,30,"$1,655.42",$55.18,$274.24,$310.37,$584.61,1210
2023-10-16,23,"$1,286.06",$55.92,$292.71,$304.31,$597.02,1063
2023-10-17,23,"$1,068.95",$46.48,$247.90,$296.06,$543.96,1103
2023-10-18,38,"$2,609.33",$68.67,$247.55,$285.44,$532.99,1446
2023-10-19,45,"$2,618.85",$58.20,$352.65,$257.94,$610.59,1076
2023-10-20,29,"$1,929.48",$66.53,$328.77,$216.74,$545.51,1027
2023-10-21,34,"$6,013.74",$176.87,$404.91,$211.64,$616.55,1125
2023-10-22,39,"$2,319.57",$59.48,$591.64,$233.33,$824.97,1130
2023-10-23,80,"$4,086.41",$51.08,$475.75,$222.31,$698.06,1653
2023-10-24,28,"$1,848.50",$66.02,$474.23,$218.05,$692.28,1199
2023-10-25,47,"$2,926.58",$62.27,$527.15,$221.30,$748.45,1450
2023-10-26,35,"$2,279.32",$65.12,$561.46,$232.68,$794.14,985
2023-10-27,32,"$2,139.41",$66.86,$544.22,$237.52,$781.74,1151
2023-10-28,26,"$1,771.50",$68.13,$654.68,$249.32,$904.00,1062
2023-10-29,21,"$1,159.57",$55.22,$505.15,$264.73,$769.88,926
2023-10-30,57,"$3,533.47",$61.99,$368.12,$256.75,$624.87,1295
2023-10-31,72,"$4,094.97",$56.87,$400.40,$257.23,$657.63,1530
2023-11-01,186,"$9,829.93",$52.85,$356.60,$232.87,$589.47,2017
2023-11-02,52,"$2,925.74",$56.26,$379.86,$254.52,$634.38,2107
2023-11-03,68,"$3,542.50",$52.10,$387.74,$262.78,$650.52,1162
2023-11-04,37,"$2,127.22",$57.49,$450.03,$264.15,$714.18,842
2023-11-05,28,"$1,640.26",$58.58,$374.48,$284.80,$659.28,770
2023-11-06,27,"$1,340.45",$49.65,$405.20,$254.06,$659.26,1000
2023-11-07,48,"$1,999.13",$41.65,$398.05,$267.02,$665.07,1191
2023-11-08,28,"$1,997.94",$71.36,$305.56,$259.14,$564.70,1038
2023-11-09,32,"$2,007.29",$62.73,$336.37,$303.66,$640.03,887
2023-11-10,61,"$3,243.25",$53.17,$410.31,$286.15,$696.46,901
2023-11-11,36,"$2,098.10",$58.28,$429.77,$265.07,$694.84,1078
2023-11-12,22,"$1,319.31",$59.97,$457.86,$269.72,$727.58,905
2023-11-13,54,"$2,423.01",$44.87,$419.87,$264.81,$684.68,1156
2023-11-14,43,"$3,300.42",$76.75,$396.12,$267.63,$663.75,1367
2023-11-15,33,"$2,181.51",$66.11,$292.04,$239.05,$531.09,1271
2023-11-16,32,"$2,068.91",$64.65,$313.63,$246.96,$560.59,924
2023-11-17,56,"$4,109.62",$73.39,$300.09,$231.08,$531.17,1215
2023-11-18,46,"$2,688.91",$58.45,$263.50,$246.08,$509.58,927
2023-11-19,44,"$2,330.20",$52.96,$353.89,$262.40,$616.29,1352
2023-11-20,77,"$4,973.38",$64.59,$278.92,$269.47,$548.39,1191
2023-11-21,93,"$6,125.84",$65.87,$291.66,$192.59,$484.25,1196
2023-11-22,86,"$4,770.29",$55.47,$195.39,$184.09,$379.48,1179
2023-11-23,75,"$4,665.50",$62.21,$314.81,$177.81,$492.62,930
2023-11-24,150,"$8,985.37",$59.90,$296.12,$186.75,$482.87,1577
2023-11-25,94,"$5,573.99",$59.30,$437.20,$192.31,$629.51,1209
2023-11-26,63,"$3,922.18",$62.26,$415.54,$190.66,$606.20,977
2023-11-27,186,"$10,075.01",$54.17,$323.94,$221.98,$545.92,1785
2023-11-28,52,"$5,340.69",$102.71,$306.68,$217.02,$523.70,1462
2023-11-29,42,"$2,413.14",$57.46,$301.44,$225.59,$527.03,1112
2023-11-30,26,"$1,430.77",$55.03,$217.93,$231.34,$449.27,829
2023-12-01,26,"$1,408.13",$54.16,$269.47,$241.73,$511.20,833
2023-12-02,13,$636.51,$48.96,$315.40,$248.17,$563.57,797
2023-12-03,24,"$1,400.53",$58.36,$309.59,$263.37,$572.96,747
2023-12-04,26,"$1,705.60",$65.60,$255.46,$259.28,$514.74,1466
2023-12-05,42,"$1,068.29",$25.44,$261.46,$218.49,$479.95,1133
2023-12-06,31,"$1,722.98",$55.58,$207.34,$206.42,$413.76,1018
2023-12-07,32,"$1,794.97",$56.09,$336.66,$247.09,$583.75,1038
2023-12-08,41,"$1,993.95",$48.63,$275.91,$244.72,$520.63,1067
2023-12-09,54,"$3,062.70",$56.72,$260.64,$247.46,$508.10,1177
2023-12-10,58,"$2,666.56",$45.98,$302.72,$255.21,$557.93,1329
2023-12-11,35,"$1,750.12",$50.00,$266.47,$232.45,$498.92,1137
2023-12-12,45,"$1,901.51",$42.26,$191.93,$237.83,$429.76,1100
2023-12-13,42,"$2,692.43",$64.11,$205.04,$200.93,$405.97,1246
2023-12-14,40,"$2,060.55",$51.51,$352.55,$195.17,$547.72,1386
2023-12-15,52,"$2,819.29",$54.22,$422.16,$214.02,$636.18,1224
2023-12-16,35,"$2,224.34",$63.55,$368.35,$229.77,$598.12,1081
2023-12-17,39,"$2,031.03",$52.08,$293.21,$245.09,$538.30,956
2023-12-18,26,$910.62,$35.02,$301.17,$207.53,$508.70,1095
2023-12-19,32,"$2,333.44",$72.92,$287.23,$195.81,$483.04,950
2023-12-20,27,"$1,215.85",$45.03,$296.08,$195.09,$491.17,1026
2023-12-21,30,"$1,808.92",$60.30,$288.94,$189.29,$478.23,1113
2023-12-22,28,"$1,209.32",$43.19,$316.00,$206.20,$522.20,1050
2023-12-23,17,$768.39,$45.20,$284.81,$230.62,$515.43,1079
2023-12-24,21,$816.67,$38.89,$232.36,$253.13,$485.49,1126
2023-12-25,48,"$2,376.80",$49.52,$312.94,$253.65,$566.59,1361
2023-12-26,37,"$3,101.13",$83.81,$218.20,$332.06,$550.26,1128
2023-12-27,34,"$1,657.73",$48.76,$196.30,$286.31,$482.61,1114
2023-12-28,29,"$1,435.88",$49.51,$177.46,$303.44,$480.90,890
2023-12-29,46,"$2,679.74",$58.26,$206.20,$320.70,$526.90,996
2023-12-30,35,"$1,715.06",$49.00,$232.53,$355.33,$587.86,1000
2023-12-31,45,"$2,871.23",$63.81,$290.23,$331.24,$621.47,1015